ARTIST	TITLE	Sample ID#	Chart Date	Target Rank	Actual Rank	Peak Rank	Weeks on Chart	
A Taste Of Honey	Sukiyaki	1286	1981-04-25	31	30	3	24	
Aaron Neville	Tell It Like It Is	691	1966-12-10	52	51	2	14	
Abba	Chiquitita	183	1979-12-15	34	35	29	12	
Abba	Fernando	218	1976-10-09	26	24	13	16	
Abba	Honey, Honey	902	1974-09-21	73	72	27	10	
Abba	Knowing Me, Knowing You	231	1977-07-02	23	24	14	15	
Abba	On And On And On	894	1981-07-04	91	91	90	6	
Abba	Take A Chance On Me	961	1978-05-06	32	30	3	18	
Aerosmith	Last Child	15	1976-08-07	21	21	21	15	
Al Green	Oh Me, Oh My (Dreams In My Arms)	573	1975-07-19	59	59	48	6	
Alabama	Take Me Down	1082	1982-07-17	19	18	18	13	
Alan O'Day	Undercover Angel	367	1977-08-27	31	31	1	25	
Alice Cooper	Hey Stoopid	599	1991-07-27	99	99	78	5	
Alice Cooper	School's Out	195	1972-07-29	8	7	7	13	
Andy Gibb	Shadow Dancing	193	1978-09-30	96	96	1	25	
Andy Gibb	Shadow Dancing	737	1978-09-02	52	50	1	25	
Anita Baker	Caught Up In The Rapture	647	1987-03-21	85	85	37	18	
Anita Baker	Caught Up In The Rapture	709	1987-02-28	56	56	37	18	
Anita Baker	Giving You The Best That I Got	578	1989-01-21	27	27	3	22	
Anita Baker	Sweet Love	837	1986-09-13	37	35	8	22	
Ann Peebles	I Can't Stand The Rain	377	1973-09-22	68	70	38	21	
Anne Murray	Could I Have This Dance	199	1980-10-11	40	41	33	14	
Anne Murray	Daydream Believer	312	1980-04-12	69	69	12	17	
Anne Murray	Daydream Believer	475	1980-01-05	56	56	12	17	
Anne Murray	Love Song	917	1974-01-05	62	60	12	17	
Aretha Franklin	Chain Of Fools	418	1967-12-23	16	17	2	12	
Aretha Franklin	I Never Loved A Man (The Way I Love You)	403	1967-05-13	32	32	9	11	
Aretha Franklin	Oh Me Oh My (I'm A Fool For You Baby)	1042	1972-01-22	75	75	73	4	
Arthur Conley	Sweet Soul Music	965	1967-03-25	45	45	2	15	
B.B. King	How Blue Can You Get	510	1964-03-28	96	97	97	2	
B.B. King	The Thrill Is Gone	605	1970-03-28	45	44	15	14	
B.J. Thomas	Hooked On A Feeling	1048	1968-12-14	22	23	5	16	
Bachman-Turner Overdrive	Heartaches	699	1979-03-10	81	82	60	7	
Bachman-Turner Overdrive	Roll On Down The Highway	351	1975-01-25	55	55	14	11	
Bad Company	Rock 'N' Roll Fantasy	27	1979-07-07	41	41	13	20	
Badfinger	Maybe Tomorrow	723	1969-03-15	67	67	67	6	
Baltimora	"Tarzan Boy (from the film ""Teenage Mutant Ninja Turtles III"")"	572	1986-01-18	39	38	13	38	
Baltimora	"Tarzan Boy (from the film ""Teenage Mutant Ninja Turtles III"")"	600	1985-12-21	54	52	13	38	
Bananarama	A Trick Of The Night	99	1987-01-31	88	86	76	7	
Bananarama	Venus	981	1986-11-01	97	99	1	19	
Barbara Lewis	Hello Stranger	984	1963-07-06	4	4	3	14	
Barbra Streisand	Funny Girl	1118	1964-10-10	47	45	44	9	
Barbra Streisand	People	49	1964-08-08	36	36	5	19	
Barry White	You're The First, The Last, My Everything	796	1974-11-23	29	27	2	15	
Bay City Rollers	Saturday Night	1228	1975-12-13	5	5	1	17	
Beastie Boys	Brass Monkey	634	1987-04-25	47	48	48	10	
Ben E. King	Amor	583	1961-08-07	57	58	18	10	
Bertha Tillman	Oh My Angel	511	1962-06-09	61	61	61	9	
Bette Midler	The Rose	6	1980-08-02	15	16	3	25	
Bette Midler	The Rose	1271	1980-07-05	3	3	3	25	
Bill Withers	Ain't No Sunshine	1058	1971-08-21	24	23	3	16	
Bill Withers	Lovely Day	823	1978-02-25	77	79	30	12	
Billy Idol	Catch My Fall	794	1985-01-12	90	88	50	11	
Billy Idol	Flesh For Fantasy	464	1984-09-15	39	39	29	12	
Billy Idol	Hot In The City	920	1982-09-25	23	23	23	27	
Billy Idol	Rebel Yell	1167	1984-04-07	61	61	46	14	
Billy Idol	White Wedding	701	1983-07-23	54	55	36	13	
Billy Idol	White Wedding	1296	1983-07-02	34	36	36	13	
Billy Joel	An Innocent Man	10	1984-03-24	49	51	10	18	
Billy Joel	Don't Ask Me Why	969	1980-10-18	58	57	19	15	
Billy Joel	Just The Way You Are	240	1978-01-14	14	16	3	27	
Billy Joel	Just The Way You Are	295	1978-04-29	91	92	3	27	
Billy Joel	Pressure	205	1983-01-15	94	93	20	17	
Billy Preston	With You I'm Born Again	540	1979-12-22	93	92	4	29	
Billy Squier	Don't Say You Love Me	452	1989-07-15	65	64	58	15	
Billy Squier	My Kinda Lover	1051	1982-01-09	46	46	45	10	
Billy Squier	The Stroke	963	1981-05-16	82	84	17	20	
Billy Swan	I Can Help	601	1974-09-28	88	90	1	18	
Billy Swan	I Can Help	1093	1974-11-30	1	1	1	18	
Bing Crosby	Silent Night	123	1960-12-19	64	64	54	2	
Bing Crosby	White Christmas	241	1962-12-29	40	38	12	13	
Biz Markie	Just A Friend	827	1990-02-10	28	29	9	22	
Blondie	Island Of Lost Souls	1203	1982-07-31	96	95	37	10	
Blondie	One Way Or Another	743	1979-06-16	48	47	24	14	
Blue Cheer	Summertime Blues	1170	1968-05-25	32	33	14	13	
Bo Diddley	You Can't Judge A Book By The Cover	179	1962-09-01	67	66	48	10	
Bob Dylan	Gotta Serve Somebody	282	1979-10-06	41	39	24	12	
Bob Seger	Against The Wind	1177	1980-07-05	6	6	5	17	
Bob Seger	American Storm	1277	1986-05-24	37	36	13	14	
Bob Seger	Even Now	1208	1983-03-19	52	50	12	12	
Bob Seger	Like A Rock	941	1986-08-16	93	91	12	13	
Bob Seger	Night Moves	1171	1977-03-19	4	4	4	21	
Bob Seger	Old Time Rock & Roll	249	1979-05-19	32	30	28	18	
Bob Seger	Rock And Roll Never Forgets	1071	1977-08-06	44	43	41	8	
Bob Seger	Tryin' To Live My Life Without You	830	1981-10-24	11	11	5	19	
Bobbi Martin	I Love You So	56	1965-06-19	72	74	70	7	
Bobbie Gentry	Ode To Billie Joe	1168	1976-07-24	75	77	1	20	
Bobby Bare	Detroit City	133	1963-07-20	24	24	16	12	
Bobby Darin	If I Were A Carpenter	1265	1966-10-01	51	51	8	11	
Bobby Womack	Sweet Caroline (Good Times Never Seemed So Good)	915	1972-09-09	63	63	51	9	
Bobby Womack	That's The Way I Feel About Cha	297	1971-12-18	72	71	27	13	
Bonnie Pointer	Heaven Must Have Sent You	1232	1979-11-03	29	28	11	23	
Bonnie Raitt	Nick Of Time	627	1990-05-26	91	92	92	3	
Boston	Amanda	1234	1986-12-13	24	24	1	18	
Boston	Feelin' Satisfied	952	1979-03-31	66	65	46	7	
Boyz II Men	Motownphilly	97	1991-08-10	14	14	3	24	
Bread	If	106	1971-06-05	18	18	4	12	
Bread	If	988	1971-06-05	17	18	4	12	
Bread	Sweet Surrender	847	1972-11-11	55	55	15	11	
Brenda Lee	All Alone Am I	1253	1962-10-20	15	15	3	15	
Brenda Lee	As Usual	288	1964-02-15	32	34	12	11	
Brenda Lee	As Usual	471	1964-01-04	15	14	12	11	
Brenda Lee	Coming On Strong	968	1966-10-29	29	31	11	13	
Brenda Lee	Dum Dum	356	1961-07-03	21	20	4	12	
Brenda Lee	Everybody Loves Me But You	790	1962-06-16	21	21	6	11	
Brenda Lee	Heart In Hand	484	1962-07-07	65	65	15	8	
Brenda Lee	Losing You	371	1963-06-29	40	41	6	13	
Brenda Lee	Sweet Nothin's	162	1960-01-04	77	79	4	24	
Brenda Lee	Too Many Rivers	696	1965-06-05	76	78	13	13	
Brother Jack McDuff	Theme From Electric Surfboard	251	1969-12-27	97	95	95	2	
Brownsville Station	Smokin' In The Boy's Room	256	1973-11-03	95	93	3	19	
Brownsville Station	Smokin' In The Boy's Room	755	1973-11-24	49	51	3	19	
Bruce Channel	Hey! Baby	789	1962-04-28	40	40	1	14	
Bruce Springsteen	I m Goin  Down	426	1985-11-09	32	32	9	13	
Bruce Springsteen	My Hometown	1066	1985-12-14	44	44	6	15	
Buck Owens	I've Got A Tiger By The Tail	1225	1965-01-23	84	85	25	9	
Buck Owens	Think Of Me	1154	1966-05-28	99	99	74	5	
Candi Staton	Young Hearts Run Free	390	1976-06-26	38	40	20	16	
Candi Staton	Young Hearts Run Free	522	1976-08-21	20	20	20	16	
Canned Heat	Let's Work Together	577	1970-10-10	85	84	26	11	
Canned Heat	On The Road Again	688	1968-08-24	70	72	16	11	
Carl Carlton	Everlasting Love	607	1974-12-21	50	49	6	15	
Charlie Rich	A Very Special Love Song	779	1974-03-02	50	51	11	14	
Charlie Rich	Behind Closed Doors	1218	1973-06-30	20	20	15	19	
Charlie Rich	Lonely Weekends	1113	1960-07-11	66	65	22	21	
Charlie Rich	Lonely Weekends	1123	1960-06-27	34	34	22	21	
Cheap Trick	Dream Police	317	1979-11-10	28	29	26	10	
Cheap Trick	Dream Police	323	1979-11-17	27	27	26	10	
Cheap Trick	I Want You To Want Me	188	1979-07-28	7	7	7	19	
Cheap Trick	Stop This Game	539	1980-12-06	48	48	48	12	
Cheap Trick	Surrender	555	1978-08-12	70	69	62	8	
Cheap Trick	Surrender	1022	1978-09-09	90	92	62	8	
Cher	If I Could Turn Back Time	843	1989-11-11	45	47	3	23	
Cher	Just Like Jesse James	821	1989-12-30	7	8	8	18	
Chicago	25 Or 6 To 4	176	1970-08-08	26	27	4	20	
Chicago	25 Or 6 To 4	292	1970-08-29	10	10	4	20	
Chicago	25 Or 6 To 4	1227	1970-09-05	5	6	4	20	
Chicago	Alive Again	1240	1978-11-18	17	17	14	13	
Chicago	Along Comes A Woman	198	1985-03-16	36	36	14	16	
Chicago	Along Comes A Woman	574	1985-05-11	34	34	14	16	
Chicago	Along Comes A Woman	776	1985-04-20	16	14	14	16	
Chicago	Another Rainy Day In New York City	208	1976-08-21	65	67	32	9	
Chicago	Does Anybody Really Know What Time It Is?	700	1970-11-07	74	72	7	13	
Chicago	Feelin' Stronger Every Day	366	1973-08-25	9	11	10	16	
Chicago	Feelin' Stronger Every Day	684	1973-08-11	11	11	10	16	
Chicago	Make Me Smile	1085	1970-06-06	9	9	9	14	
Chicago	Old Days	445	1975-05-03	43	43	5	11	
Chico DeBarge	Talk To Me	590	1987-02-07	23	23	21	20	
Chris Kenner	Land Of 1000 Dances	1111	1963-08-17	99	98	77	7	
Chubby Checker	The Twist	948	1962-03-17	25	24	1	38	
Chubby Checker	The Twist	1103	1962-03-24	31	32	1	38	
Chuck Berry	Almost Grown	792	1959-06-01	38	40	32	12	
Chuck Berry	Reelin' & Rockin'	1110	1972-12-09	79	77	27	13	
Chuck Berry	Sweet Little Rock And Roll	115	1958-12-29	52	52	47	9	
Clarence Carter	Patches	276	1970-10-17	25	24	4	14	
Clarence Carter	Too Weak To Fight	585	1968-12-07	30	28	13	15	
Clarence Carter	Too Weak To Fight	765	1969-02-01	33	33	13	15	
Cliff Richard	Carrie	51	1980-03-08	66	66	34	11	
Cliff Richard	Carrie	1222	1980-03-15	58	59	34	11	
Cliff Richard	Daddy's Home	1161	1982-03-27	34	34	23	13	
Cliff Richard	Devil Woman	1073	1976-08-07	42	42	6	22	
Cliff Richard	Living Doll	740	1959-10-12	48	46	30	13	
Cliff Richard	We Don't Talk Anymore	1273	1979-11-10	48	47	7	20	
Color Me Badd	I Adore Mi Amor	476	1991-08-24	19	18	1	20	
Commodores	Easy	341	1977-09-17	17	17	4	22	
Commodores	Easy	1157	1977-10-22	95	95	4	22	
Commodores	Lady (You Bring Me Up)	716	1981-07-11	36	35	8	22	
Commodores	Nightshift	992	1985-05-18	22	24	3	22	
Commodores	Still	507	1980-01-19	22	22	1	20	
Commodores	Three Times A Lady	1201	1978-09-02	1	2	1	20	
Corey Hart	In Your Soul	469	1988-07-02	56	56	38	10	
Corey Hart	In Your Soul	657	1988-08-13	89	90	38	10	
Cornelius Brothers & Sister Rose	Treat Her Like A Lady	932	1971-05-08	44	45	3	18	
Cornelius Brothers & Sister Rose	Treat Her Like A Lady	1280	1971-06-12	8	8	3	18	
Count Basie	Going To Chicago Blues	1149	1958-08-18	99	100	100	1	
Cream	Sunshine Of Your Love	114	1968-03-30	60	60	5	26	
Creedence Clearwater Revival	Bad Moon Rising	852	1969-05-03	82	80	2	14	
Creedence Clearwater Revival	I Put A Spell On You	61	1968-11-16	95	96	58	9	
Crosby, Stills & Nash	Got It Made	451	1989-03-11	83	81	69	8	
Crosby, Stills & Nash	Southern Cross	589	1982-10-09	36	36	18	17	
Crosby, Stills & Nash	Suite: Judy Blue Eyes	518	1969-10-18	64	64	21	12	
Crosby, Stills & Nash	Teach Your Children	905	1970-08-15	35	33	16	11	
Culture Club	I'll Tumble 4 Ya	1223	1983-07-23	28	29	9	16	
Culture Club	Karma Chameleon	979	1984-04-28	99	97	1	22	
Cyndi Lauper	All Through The Night	309	1984-11-03	21	20	5	19	
Cyndi Lauper	All Through The Night	769	1984-11-10	14	12	5	19	
Cyndi Lauper	All Through The Night	1084	1984-12-15	11	10	5	19	
Cyndi Lauper	I Drove All Night	1011	1989-07-29	46	44	6	15	
Cyndi Lauper	She Bop	16	1984-07-28	37	39	3	18	
Cyndi Lauper	She Bop	1274	1984-10-06	5	5	3	18	
Cyndi Lauper	The Goonies R Good Enough	401	1985-06-22	17	19	10	15	
Cyndi Lauper	True Colors	803	1986-09-13	38	40	1	20	
Daryl Hall & John Oates	Kiss On My List	18	1981-01-31	56	55	1	23	
Daryl Hall & John Oates	Maneater	633	1983-03-05	72	71	1	23	
Daryl Hall & John Oates	Rich Girl	485	1977-05-07	31	30	1	20	
Daryl Hall & John Oates	Sara Smile	708	1976-04-17	31	29	4	28	
Dave Dudley	Six Days On The Road	570	1963-06-15	76	75	32	11	
David Bowie	Blue Jean	818	1984-11-10	8	8	8	18	
David Bowie	Golden Years	415	1976-01-24	34	33	10	21	
David Bowie	Modern Love	970	1983-12-10	92	94	14	13	
David Bowie	Space Oddity	86	1973-04-21	22	21	15	14	
David Crosby & Graham Nash	Carry Me	1124	1975-12-06	52	52	52	6	
David Ruffin & Jimmy Ruffin	Stand By Me	119	1970-11-28	61	61	61	7	
De La Soul	Me Myself And I	887	1989-09-09	99	99	34	17	
Dean Martin	Everybody Loves Somebody	618	1964-07-04	47	46	1	15	
Dean Martin	I Will	734	1965-11-13	38	39	10	10	
Debarge	Time Will Reveal	1013	1984-02-11	45	44	18	18	
Depeche Mode	World In My Eyes	442	1990-12-22	54	52	52	10	
Depeche Mode	World In My Eyes	757	1990-11-24	70	71	52	10	
Diana Ross	Upside Down	1285	1980-12-20	68	68	1	29	
Digital Underground	The Humpty Dance	304	1990-04-28	24	26	11	23	
Digital Underground	The Humpty Dance	378	1990-04-28	25	26	11	23	
Digital Underground	The Humpty Dance	521	1990-08-11	86	85	11	23	
Dinah Washington	Unforgettable	192	1959-11-02	30	29	17	13	
Dinah Washington	Where Are You	722	1962-06-23	34	36	36	10	
Dinah Washington	Where Are You	1099	1962-06-16	46	46	36	10	
Dion	(I was) Born To Cry	1101	1962-04-28	70	71	42	7	
Dion	Abraham, Martin And John	1146	1968-11-16	10	9	4	14	
Dion	Love Came To Me	253	1962-12-22	10	10	10	11	
Dion	Love Came To Me	1152	1963-01-19	36	37	10	11	
Dion	Lovers Who Wander	1210	1962-04-21	86	86	3	12	
Dion	Ruby Baby	439	1963-02-09	6	7	2	13	
Dion	Runaround Sue	145	1961-12-18	22	20	1	14	
Dion	This Little Girl	1063	1963-06-08	40	39	21	8	
Dion	Where Or When	434	1960-03-07	15	15	3	16	
Dion	Where Or When	816	1960-03-14	18	17	3	16	
Dolly Parton	Baby I'm Burnin'	559	1979-01-27	31	31	25	14	
Dolly Parton	Baby I'm Burnin'	987	1978-12-09	87	88	25	14	
Dolly Parton	Starting Over Again	944	1980-05-17	37	36	36	10	
Don Gibson	Sea Of Heartbreak	169	1961-06-19	96	95	21	14	
Donna Fargo	Superman	358	1973-02-24	73	73	41	9	
Donna Fargo	Superman	874	1973-02-24	71	73	41	9	
Donna Summer	Last Dance	501	1978-07-01	17	17	3	21	
Donna Summer	Last Dance	1217	1978-09-23	99	98	3	21	
Donna Summer	Last Dance	1242	1978-05-20	77	75	3	21	
Donovan	Sunshine Superman	383	1966-08-13	19	20	1	13	
Dottie West	A Lesson In Leavin'	101	1980-03-08	85	85	73	5	
Double Exposure	Ten Percent	1164	1976-06-19	87	88	54	9	
Dr. Hook	If Not You	914	1977-01-15	96	97	55	11	
Dr. Hook	Only Sixteen	1190	1976-01-24	54	53	6	22	
Dr. Hook	Sexy Eyes	831	1980-03-08	48	48	5	21	
Dr. Hook	The Millionaire	1009	1975-09-06	93	95	95	5	
Dr. Hook	Walk Right In	761	1977-07-09	62	63	46	10	
Dr. Hook	Years From Now	656	1980-08-16	79	79	51	9	
Dr. John	Right Place Wrong Time	483	1973-06-16	13	11	9	20	
Duran Duran	All She Wants Is	592	1989-03-04	42	43	22	13	
Duran Duran	All She Wants Is	1226	1989-02-18	21	22	22	13	
Duran Duran	I Don't Want Your Love	1148	1989-01-28	84	85	4	16	
Duran Duran	Is There Something I Should Know	1043	1983-09-10	46	45	4	17	
Eagles	Already Gone	209	1974-05-04	99	97	32	15	
Eagles	Best Of My Love	1061	1975-02-22	4	2	1	19	
Eagles	Lyin' Eyes	296	1975-10-04	19	18	2	14	
Eagles	The Long Run	591	1980-03-15	99	99	8	15	
Earth, Wind & Fire	After The Love Has Gone	1056	1979-09-08	3	3	2	17	
Earth, Wind & Fire	After The Love Has Gone	1097	1979-07-28	32	31	2	17	
Earth, Wind & Fire	Getaway	735	1976-09-25	16	15	12	19	
Earth, Wind & Fire	September	804	1979-01-06	16	15	8	17	
Eddie Holland	Jamie	1046	1962-02-03	92	94	30	11	
Eddie Rabbitt	I Love A Rainy Night	1143	1981-03-21	9	9	1	28	
Edgar Winter	Frankenstein	1268	1973-03-17	96	97	1	20	
Edwin Starr	War	893	1970-07-25	24	25	1	15	
Elton John	Goodbye Yellow Brick Road	842	1973-11-03	38	40	2	17	
Elton John	Levon	752	1971-12-25	58	57	24	10	
Elton John	Philadelphia Freedom	354	1975-04-05	2	2	1	21	
Elton John	The Bitch Is Back	991	1974-12-07	79	78	4	14	
Elton John	Who Wears These Shoes?	1269	1984-11-17	36	35	16	14	
Elvis Presley	(Marie's the Name) His Latest Flame	617	1961-09-04	31	32	4	11	
Elvis Presley	(Marie's the Name) His Latest Flame	730	1961-09-04	30	32	4	11	
Elvis Presley	Ask Me	658	1964-11-14	23	22	12	12	
Elvis Presley	Ask Me	766	1964-12-05	11	12	12	12	
Elvis Presley	For Ol' Times Sake	222	1973-11-10	49	49	41	9	
Elvis Presley	For Ol' Times Sake	508	1973-09-29	58	58	41	9	
Elvis Presley	For Ol' Times Sake	1235	1973-09-22	81	81	41	9	
Elvis Presley	Guitar Man	289	1968-01-27	84	83	28	20	
Elvis Presley	I Really /on't Want To Know	386	1970-12-26	57	56	21	9	
Elvis Presley	I Really Don't Want To Know	444	1971-01-09	31	29	21	9	
Elvis Presley	If I Can Dream	543	1968-12-28	31	30	12	13	
Elvis Presley	Judy	565	1967-09-09	87	89	78	5	
Elvis Presley	Judy	923	1967-09-16	89	88	78	5	
Elvis Presley	Little Sister	159	1961-10-30	35	34	5	13	
Elvis Presley	My Boy	326	1975-03-29	58	57	20	11	
Elvis Presley	My Way	793	1978-01-21	64	65	22	12	
Elvis Presley	My Wish Came True	1055	1959-09-21	50	49	12	11	
Elvis Presley	One Night	399	1959-01-19	14	13	4	17	
Elvis Presley	She Thinks I Still Care	875	1977-02-05	39	39	31	13	
Elvis Presley	There Goes My Everything	993	1971-01-16	27	25	21	9	
Emerson, Lake & Palmer	Lucky Man	1180	1971-03-27	66	68	48	19	
Engelbert Humperdinck	After The Lovin'	506	1977-02-19	33	33	8	19	
Engelbert Humperdinck	After The Lovin'	636	1977-02-05	25	24	8	19	
Eric Carmen	"Hungry Eyes (from the film ""Dirty Dancing"")"	791	1988-03-05	12	11	4	24	
Eric Carmen	Sunrise	655	1976-08-28	67	66	34	10	
Eric Clapton	Forever Man	155	1985-04-20	28	27	26	12	
Eric Clapton	I Can't Stand It	898	1981-04-25	11	11	10	17	
Eric Clapton	Lay Down Sally	1040	1978-05-20	24	24	3	23	
Eric Clapton	Let It Rain	116	1972-12-02	48	48	48	13	
Eric Clapton	Promises	124	1978-12-23	14	13	9	18	
Eric Clapton	Promises	916	1978-12-23	13	13	9	18	
Eric Clapton	Willie And The Hand Jive	194	1974-12-21	38	36	26	9	
Etta James	Fool That I Am	515	1961-07-03	51	50	50	6	
Etta James	Fool That I Am	562	1961-07-10	56	54	50	6	
Etta James	Stop The Wedding	127	1962-08-25	44	44	34	8	
Etta James	Would It Make Any Difference To You	726	1963-01-12	81	79	64	7	
"Evelyn ""Champagne"" King"	I'm In Love	482	1981-08-15	62	61	40	14	
Everly Brothers	On The Wings Of A Nightingale	809	1984-11-03	87	88	50	12	
Fats Domino	Be My Guest	1072	1959-11-16	17	17	8	14	
Fats Domino	I Want To Walk You Home	773	1959-10-19	33	33	8	13	
Firehouse	Don't Treat Me Bad	258	1991-08-03	90	88	19	23	
Firehouse	Don't Treat Me Bad	349	1991-03-09	85	86	19	23	
Five Man Electrical Band	Absolutely Right	41	1971-11-06	28	27	26	8	
Flatt & Scruggs	Foggy Mountain Breakdown	37	1968-04-13	67	65	55	12	
Flatt & Scruggs	Foggy Mountain Breakdown	759	1968-03-30	76	74	55	12	
Floyd Cramer	Last Date	788	1960-12-31	2	3	2	20	
Focus	Hocus Pocus	381	1973-03-31	63	63	9	19	
Focus	Hocus Pocus	999	1973-04-21	38	39	9	19	
Foghat	Drivin' Wheel	75	1977-01-29	56	54	34	10	
Foghat	Drivin' Wheel	95	1976-12-04	65	65	34	10	
Fontella Bass	Rescue Me	777	1965-10-30	15	14	4	13	
Four Tops	Standing In The Shadows Of Love	1192	1967-02-18	24	26	6	10	
Four Tops	Standing In The Shadows Of Love	1283	1967-02-11	17	18	6	10	
Freddie Jackson	Have You Ever Loved Somebody	122	1987-02-21	75	74	69	9	
Freddy Fender	Living It Down	346	1976-11-06	76	75	72	4	
Freddy Fender	Secret Love	872	1975-11-22	28	28	20	11	
Gary U.S. Bonds	Quarter To Three	571	1961-05-29	65	65	1	15	
Gene Pitney	Town Without Pity	1037	1961-12-04	44	44	13	16	
General Public	Tenderness	389	1984-11-17	89	89	27	18	
Genesis	Abacab	1256	1982-02-20	26	26	26	14	
Genesis	Invisible Touch	1126	1986-07-26	3	3	1	17	
Genesis	Misunderstanding	393	1980-07-26	22	22	14	18	
Genesis	Tonight, Tonight, Tonight	236	1987-05-23	95	95	3	15	
George Benson	Breezin'	967	1976-11-06	65	67	63	6	
George Harrison	All Those Years Ago	517	1981-05-30	16	16	2	16	
George Harrison	All Those Years Ago	680	1981-08-15	51	51	2	16	
George Harrison	Blow Away	419	1979-04-07	26	26	16	14	
George Harrison	Crackerbox Palace	1282	1977-02-05	49	49	19	11	
George Harrison	Got My Mind Set On You	845	1988-01-23	3	4	1	22	
George Harrison	This Song	361	1977-01-15	23	25	25	11	
Gino Vannelli	Black Cars	68	1985-08-17	98	99	42	16	
Gino Vannelli	Hurts To Be In Love	62	1985-09-28	90	89	57	12	
Gino Vannelli	Hurts To Be In Love	1067	1985-11-30	75	76	57	12	
Gino Vannelli	Wild Horses	407	1987-05-16	71	72	55	15	
Gladys Knight & The Pips	Baby Don't Change Your Mind	705	1977-08-20	69	67	52	11	
Gladys Knight & The Pips	Baby Don't Change Your Mind	888	1977-08-06	67	67	52	11	
Gladys Knight & The Pips	Baby Don't Change Your Mind	1250	1977-07-16	83	85	52	11	
Gladys Knight & The Pips	Best Thing That Ever Happened To Me	380	1974-06-08	41	42	3	17	
Gladys Knight & The Pips	If I Were Your Woman	343	1971-02-13	9	9	9	15	
Gladys Knight & The Pips	Letter Full Of Tears	112	1962-01-27	27	27	19	11	
Gladys Knight & The Pips	Letter Full Of Tears	596	1962-02-10	19	19	19	11	
Glen Campbell	Galveston	224	1969-03-15	18	18	4	12	
Glen Campbell	It's Only Make Believe	623	1970-09-05	83	82	10	12	
Glen Campbell	Rhinestone Cowboy	246	1975-10-11	14	15	1	23	
Glen Campbell	Sunflower	347	1977-07-23	63	62	39	11	
Glen Campbell	Wichita Lineman	1114	1969-01-11	3	3	3	15	
Gloria Gaynor	Never Can Say Goodbye	190	1975-02-08	20	20	9	17	
Gloria Gaynor	Never Can Say Goodbye	1068	1974-12-07	35	34	9	17	
Golden Earring	Twilight Zone	170	1983-02-19	19	20	10	27	
Gordon Lightfoot	Beautiful	180	1972-07-01	69	68	58	11	
Graham Nash	Chicago	25	1971-07-17	38	36	35	11	
Grand Funk Railroad	Walk Like A Man	762	1973-12-08	62	64	19	12	
Grateful Dead	Sugar Magnolia	1034	1973-02-10	93	91	91	2	
Hank Snow	I've Been Everywhere	1059	1962-10-20	86	86	68	8	
Harry Chapin	Sunday Morning Sunshine	412	1972-11-25	78	80	75	6	
Heart	Crazy On You	33	1978-02-11	99	100	35	19	
Heart	Crazy On You	73	1976-06-12	49	49	35	19	
Heart	Magic Man	215	1976-10-30	12	10	9	23	
Heart	Magic Man	800	1976-08-07	71	73	9	23	
Heart	There's The Girl	281	1988-01-30	20	19	12	17	
Heart	There's The Girl	660	1988-01-02	16	18	12	17	
Heart	Who Will You Run To	1089	1987-12-12	89	90	7	22	
Hi-Five	I Like The Way (The Kissing Game)	856	1991-07-20	67	67	1	23	
Huey Lewis	I Want A New Drug	430	1984-05-12	77	77	6	19	
Ike & Tina Turner	I Want To Take You Higher	204	1970-08-29	35	34	34	18	
Ike & Tina Turner	I Want To Take You Higher	360	1970-08-15	38	37	34	18	
Ike & Tina Turner	I Want To Take You Higher	996	1970-08-22	35	35	34	18	
Ike & Tina Turner	It's Gonna Work Out Fine	212	1961-08-28	41	42	14	15	
INXS	Need You Tonight	687	1988-01-23	2	2	1	24	
Irma Thomas	Wish Someone Would Care	598	1964-04-25	34	32	17	12	
Iron Butterfly	In-A-Gadda-Da-Vida	261	1968-11-02	31	30	30	17	
Isaac Hayes	Do Your Thing	216	1972-04-08	29	30	30	11	
Isaac Hayes	The Look Of Love	978	1971-03-06	84	82	79	5	
J. Frank Wilson & The Cavaliers	Last Kiss	54	1964-09-05	71	73	2	20	
J. Frank Wilson & The Cavaliers	Last Kiss	247	1974-01-05	94	93	2	20	
J. Frank Wilson & The Cavaliers	Last Kiss	402	1964-10-17	4	5	2	20	
Jackie Wilson	Baby Workout	672	1963-05-25	60	59	5	12	
Jackson Browne	Boulevard	561	1980-08-16	22	24	19	16	
Jackson Browne	Boulevard	695	1980-07-26	33	33	19	16	
Jackson Browne	Here Come Those Tears Again	395	1977-04-02	54	54	23	9	
Jackson Browne	Redneck Friend	545	1973-10-20	85	85	85	10	
Jackson Browne	Running On Empty	1155	1978-03-18	27	25	11	17	
James Brown	Baby, You're Right	533	1961-08-28	65	65	49	4	
James Brown	Cold Sweat - Part 1	79	1967-07-29	56	58	7	12	
James Brown	Down And Out In New York City	1032	1973-04-07	50	52	50	7	
James Brown	Get Up (I Feel Like Being Like A) Sex Machine (Part 1)	857	1970-09-12	34	32	15	9	
James Brown	I Don't Mind	3	1961-07-03	56	57	47	8	
James Brown	I Got You (I Feel Good)	314	1965-11-27	8	9	3	12	
James Brown	My Thang	490	1974-07-06	51	51	29	13	
James Brown	Think	640	1973-06-09	79	77	33	16	
James Taylor	Country Road	901	1971-02-13	68	67	37	8	
Jan & Dean	Sidewalk Surfin'	1272	1964-12-12	25	25	25	8	
Jan & Dean	The Anaheim, Azusa & Cucamonga Sewing Circle, Book Review And Timing Association	689	1964-10-10	82	82	77	3	
Jan & Dean	The Little Old Lady (From Pasadena)	635	1964-07-04	21	22	3	11	
Janis Joplin	Kozmic Blues	397	1969-12-27	47	48	41	9	
Jeff Beck	People Get Ready	698	1985-08-17	83	85	48	10	
Jefferson Starship	Count On Me	1045	1978-04-15	18	16	8	14	
Jermaine Jackson	Let's Get Serious	811	1980-08-30	97	98	9	23	
Jerry Jeff Walker	Mr. Bojangles	294	1968-08-24	78	79	77	5	
Jerry Reed	Ko-Ko Joe	713	1971-09-18	56	58	51	6	
Jesus Jones	Right Here, Right Now	1169	1991-08-24	26	26	2	25	
Jesus Jones	Right Here, Right Now	1260	1991-09-14	61	62	2	25	
Jethro Tull	Living In The Past	706	1972-12-16	19	20	11	14	
Jimi Hendrix	Freedom	35	1971-05-01	67	65	59	8	
Jimmy Buffett	Come Monday	758	1974-08-10	45	45	30	14	
Jimmy Clanton	Just A Dream	185	1958-10-27	31	29	4	18	
Jimmy Clanton	Just A Dream	805	1958-09-15	6	5	4	18	
Jimmy Cliff	Wonderful World, Beautiful People	203	1969-12-06	80	81	25	11	
Jimmy Jones	Handy Man	250	1960-02-08	6	5	2	18	
Jimmy Reed	Baby What You Want Me To Do	1024	1960-05-16	93	93	37	14	
Jimmy Reed	Baby What You Want Me To Do	1263	1960-04-04	79	80	37	14	
Jimmy Ruffin	I've Passed This Way Before	1044	1967-01-07	23	23	17	11	
Jimmy Smith	Walk On The Wild Side (Part 1)	455	1962-06-09	31	32	21	11	
Joan Baez	There But For Fortune	1087	1965-10-23	72	71	50	7	
Joe Cocker	With A Little Help From My Friends	675	1968-11-23	84	85	68	6	
John Denver	Annie's Song	182	1974-09-21	67	68	1	17	
John Denver	Back Home Again	235	1974-12-28	65	65	5	16	
John Denver	Back Home Again	446	1974-12-14	44	42	5	16	
John Denver	It Amazes Me	245	1978-03-18	66	68	59	7	
John Denver	Rocky Mountain High	720	1972-12-23	47	46	9	19	
John Denver	Seasons Of The Heart	463	1982-08-21	78	78	78	5	
John Denver	Some Days Are Diamonds (Some Days Are Stone)	711	1981-09-19	37	36	36	20	
Johnny Cash	I Got Stripes	1160	1959-08-24	54	55	43	11	
Johnny Cash	The Ways Of A Woman In Love	787	1958-09-01	58	58	24	11	
Johnny Horton	Johnny Reb	1287	1959-08-24	69	70	54	8	
Johnny Horton	The Battle Of New Orleans	500	1959-04-27	93	93	1	20	
Johnny Horton	The Battle Of New Orleans	873	1959-08-24	26	25	1	20	
Johnny Lee	Lookin' For Love	12	1980-11-15	65	63	5	21	
Johnny Tillotson	I Rise, I Fall	355	1964-06-20	44	42	36	8	
Johnny Tillotson	It Keeps Right On A-Hurtin'	1041	1962-06-09	6	6	3	12	
Johnny Tillotson	Jimmy's Girl	410	1961-02-20	28	27	25	11	
Johnny Tillotson	Out Of My Mind	638	1963-05-04	45	45	24	10	
Johnny Tillotson	Talk Back Trembling Lips	1141	1963-12-07	26	26	7	13	
Johnny Tillotson	Worried Guy	267	1964-03-07	47	47	37	7	
Joni Mitchell	(You're So Square) Baby I Don't Care	417	1982-12-11	47	47	47	9	
Joni Mitchell	Big Yellow Taxi	668	1975-02-22	42	41	24	16	
Judas Priest	You've Got Another Thing Comin'	861	1982-11-27	68	67	67	7	
Juice Newton	Break It To Me Gently	303	1982-08-21	74	74	11	17	
Juice Newton	Queen Of Hearts	690	1981-07-04	22	23	2	27	
Kaoma	Lambada	1270	1990-04-28	78	77	46	12	
Kate Bush	Running Up That Hill	531	1985-12-14	59	58	30	20	
Kenny Rogers	I Don't Need You	494	1981-10-10	94	96	3	18	
Kenny Rogers	Lady	1258	1980-12-27	3	4	1	25	
Kenny Rogers	Lucille	731	1977-04-16	43	42	5	19	
Kenny Rogers	Scarlet Fever	372	1983-08-20	95	94	94	2	
Kenny Rogers	Sweet Music Man	472	1978-01-28	43	44	44	8	
Kenny Rogers	Through The Years	338	1981-12-26	84	82	13	15	
Kenny Rogers	Through The Years	832	1982-01-23	32	30	13	15	
Kenny Rogers	You Decorated My Life	238	1980-01-05	95	97	7	18	
Kiss	Rocket Ride	610	1978-04-08	44	44	39	10	
Kool & The Gang	Jungle Boogie	331	1974-01-19	22	22	4	22	
Kris Kristofferson	Loving Her Was Easier (Than Anything I'll Ever Do Again)	1135	1971-09-25	40	41	26	13	
Laura Branigan	Gloria	995	1982-11-27	3	2	2	36	
LaVern Baker	I Cried A Tear	822	1959-02-09	14	12	6	21	
LaVern Baker	I Cried A Tear	954	1959-02-02	20	19	6	21	
LaVern Baker	I Cried A Tear	1166	1959-02-02	21	19	6	21	
LaVern Baker	See See Rider	425	1963-02-02	47	48	34	11	
Led Zeppelin	D'yer Mak'er	749	1973-11-24	39	40	20	16	
Led Zeppelin	Over The Hills And Far Away	53	1973-06-30	80	81	51	8	
Led Zeppelin	Over The Hills And Far Away	1025	1973-08-11	64	64	51	8	
Led Zeppelin	Trampled Under Foot	525	1975-05-10	44	44	38	7	
Leo Sayer	You Make Me Feel Like Dancing	986	1977-01-22	3	3	1	21	
Lesley Gore	California Nights	813	1967-04-22	32	33	16	14	
Lesley Gore	California Nights	896	1967-03-11	25	27	16	14	
Lesley Gore	You Don't Own Me	1211	1964-03-07	14	13	2	13	
Level 42	Something About You	158	1986-03-22	52	52	7	27	
Level 42	Something About You	1237	1986-07-05	34	34	7	27	
Linda Ronstadt	When Will I Be Loved	324	1975-07-26	72	73	2	19	
Linda Ronstadt	When Will I Be Loved	839	1975-07-19	23	23	2	19	
Little Anthony & The Imperials	Out Of Sight, Out Of Mind	927	1969-09-06	54	53	52	9	
Little Joey & The Flips	Bongo Stomp	67	1962-06-16	99	97	35	8	
Little River Band	Happy Anniversary	1174	1978-02-25	19	20	16	18	
Little River Band	Help Is On Its Way	187	1977-11-05	20	18	14	22	
Little River Band	Help Is On Its Way	721	1977-12-24	98	100	14	22	
Little River Band	Reminiscing	77	1978-08-19	27	28	3	20	
Little River Band	The Other Guy	310	1983-01-15	13	14	11	18	
Little River Band	We Two	104	1983-06-18	23	22	22	12	
Looking Glass	Brandy (You're A Fine Girl)	128	1972-09-30	32	33	1	16	
Looking Glass	Brandy (You're A Fine Girl)	682	1972-08-19	1	2	1	16	
Los Lobos	Will The Wolf Survive	1119	1985-04-20	96	94	78	5	
Louis Armstrong	Hello, Dolly!	650	1964-03-28	8	8	1	22	
Louis Prima & Keely Smith	That Old Black Magic	746	1958-12-15	20	18	18	13	
Lynyrd Skynyrd	Sweet Home Alabama	107	1974-10-26	9	8	8	17	
Madonna	Live To Tell	1173	1986-07-26	58	59	1	18	
Madonna	Oh Father	1140	1990-02-03	100	100	20	13	
Marc Cohn	Walking In Memphis	775	1991-08-17	69	69	13	23	
Marie Osmond	Paper Roses	1245	1973-10-20	10	10	5	16	
Marky Mark	Good Vibrations	352	1991-11-09	31	31	1	19	
Marky Mark	Good Vibrations	503	1991-11-09	30	31	1	19	
Martha & The Vandellas	Nowhere To Run	74	1965-03-27	14	12	8	11	
Marty Robbins	Big Iron	814	1960-03-21	67	67	26	10	
Marty Robbins	Big Iron	1120	1960-05-09	42	43	26	10	
Marty Robbins	I Walk Alone	1054	1968-12-14	66	65	65	8	
Marvin Gaye	I Want You	319	1976-06-26	14	15	15	13	
Marvin Gaye	I Want You	795	1976-05-15	35	35	15	13	
Marvin Gaye	Mercy Mercy Me (The Ecology)	819	1971-08-07	10	10	4	12	
Marvin Gaye & Kim Weston	It Takes Two	280	1967-01-07	87	88	14	12	
Marvin Gaye & Tammi Terrell	If I Could Build My Whole World Around You	619	1967-12-23	22	23	10	11	
Marvin Gaye & Tammi Terrell	If I Could Build My Whole World Around You	1100	1967-12-23	24	23	10	11	
Marvin Gaye & Tammi Terrell	If I Could Build My Whole World Around You	1117	1967-12-09	49	47	10	11	
Mary MacGregor	Torn Between Two Lovers	1138	1976-12-18	43	42	1	22	
Max Frost & The Troopers	Shape Of Things To Come	257	1968-11-16	38	40	22	12	
Meat Loaf	Paradise By The Dashboard Light	71	1978-09-30	43	43	39	10	
Meat Loaf	You Took The Words Right Out Of My Mouth	807	1978-12-02	63	64	39	13	
Mel Torme	Comin' Home Baby	213	1962-12-29	36	36	36	11	
Melba Montgomery	No Charge	167	1974-06-08	38	39	39	10	
Metallica	One	884	1989-05-20	89	89	35	15	
Michael Jackson	Beat It	629	1983-04-02	14	14	1	25	
Michael Jackson	Human Nature	637	1983-08-13	22	23	7	14	
Michael Jackson	Man In The Mirror	1188	1988-04-23	11	11	1	16	
Michael Jackson	Wanna Be Startin' Somethin'	223	1983-09-03	89	89	5	15	
Michael Jackson With Siedah Garrett	I Just Can't Stop Loving You	85	1987-08-22	12	10	1	12	
Michael Johnson	Almost Like Being In Love	547	1978-09-02	54	54	32	12	
Michael Sembello	Maniac	553	1983-06-25	49	48	1	22	
Milli Vanilli	Baby Don't Forget My Number	1276	1989-05-27	21	22	1	21	
Milli Vanilli	Girl I m Gonna Miss You	1039	1989-09-02	13	12	1	21	
Milli Vanilli	Girl You Know It's True	913	1989-04-22	8	8	2	26	
Minnie Riperton	Lovin' You	1257	1975-01-18	81	80	1	18	
Naked Eyes	Always Something There To Remind Me	181	1983-03-19	80	79	8	22	
Nancy Sinatra	These Boots Are Made For Walkin'	284	1966-02-05	29	28	1	14	
"Nat ""King"" Cole"	Ramblin' Rose	220	1962-11-17	62	61	2	16	
"Nat ""King"" Cole"	Those Lazy-Hazy-Crazy Days Of Summer	516	1963-07-20	31	33	6	12	
"Nat ""King"" Cole"	Those Lazy-Hazy-Crazy Days Of Summer	1132	1963-07-06	11	12	6	12	
Natalie Cole	I've Got Love On My Mind	177	1977-02-05	74	74	5	21	
Natalie Cole	Unforgettable	982	1991-11-02	88	88	14	17	
Neil Sedaka	Breaking Up Is Hard To Do	728	1976-03-13	55	55	1	25	
Neneh Cherry	Kisses On The Wind	370	1989-10-07	23	24	8	14	
Neneh Cherry	Kisses On The Wind	909	1989-08-19	32	32	8	14	
Nick Gilder	Hot Child In The City	615	1978-09-23	9	9	1	31	
Nick Gilder	Hot Child In The City	783	1978-12-02	26	28	1	31	
Nitty Gritty Dirt Band	Buy For Me The Rain	88	1967-04-22	57	57	45	7	
Nitty Gritty Dirt Band	Make A Little Magic	859	1980-09-13	42	43	25	16	
Oak Ridge Boys	Elvira	864	1981-05-30	48	48	5	22	
Ocean	Put Your Hand In The Hand	429	1971-05-29	5	6	2	14	
Oliver	Good Morning Starshine	834	1969-07-12	4	3	3	13	
Otis Redding	(Sittin' On) The Dock Of The Bay	645	1968-03-23	1	1	1	16	
Otis Redding	Chained And Bound	678	1964-10-31	95	95	70	7	
Otis Redding	I've Been Loving You Too Long (To Stop Now)	502	1965-07-03	20	21	21	11	
Paper Lace	The Night Chicago Died	767	1974-08-03	4	5	1	17	
Pat Benatar	Fire And Ice	89	1981-08-15	25	24	17	15	
Pat Benatar	Heartbreaker	1053	1980-03-08	22	24	23	18	
Pat Benatar	Heartbreaker	1204	1979-12-22	75	76	23	18	
Pat Benatar	Little Too Late	973	1983-04-30	81	83	20	14	
Pat Benatar	Love Is A Battlefield	741	1983-10-01	63	62	5	22	
Pat Benatar	Promises In The Dark	227	1981-11-21	57	55	38	11	
Pat Benatar	Promises In The Dark	275	1981-11-21	55	55	38	11	
Patrick Hernandez	Born To Be Alive	259	1979-07-14	59	60	16	19	
Patrick Hernandez	Born To Be Alive	279	1979-06-30	79	78	16	19	
Patrick Hernandez	Born To Be Alive	552	1979-08-04	40	40	16	19	
Paul Anka	Let Me Get To Know You	325	1974-02-23	85	87	80	8	
Paul Anka	Love Me Warm And Tender	196	1962-05-12	36	34	12	12	
Paul McCartney	Maybe I'm Amazed	206	1977-03-05	20	20	10	13	
Paul McCartney	My Love	1163	1973-04-14	73	73	1	18	
Paul McCartney	Press	772	1986-08-23	39	39	21	11	
Paul McCartney	With A Little Luck	456	1978-07-22	94	96	1	18	
Paul Revere & The Raiders	Kicks	1181	1966-06-04	14	14	4	14	
Paul Simon	50 Ways To Leave Your Lover	824	1976-03-27	31	29	1	17	
Paul Simon	You Can Call Me Al	81	1986-08-23	69	69	23	29	
Paul Simon	You Can Call Me Al	833	1986-08-09	83	83	23	29	
Peaches & Herb	Shake Your Groove Thing	550	1978-12-23	69	71	5	22	
Peggy Lee	Fever	396	1958-09-22	32	33	8	16	
Peggy Lee	Is That All There Is	59	1969-10-11	33	33	11	10	
Pet Shop Boys	Always On My Mind	184	1988-04-30	12	11	4	14	
Pet Shop Boys	Love Comes Quickly	526	1986-10-04	60	62	62	8	
Pet Shop Boys	What Have I Done To Deserve This?	648	1988-02-20	3	2	2	12	
Pet Shop Boys	Where The Streets Have No Name	382	1991-06-08	76	76	72	7	
Pet Shop Boys	Where The Streets Have No Name	1300	1991-06-29	84	83	72	7	
Peter Gabriel	Shock The Monkey	92	1982-11-06	59	60	29	18	
Peter Gabriel	Shock The Monkey	141	1982-12-04	39	39	29	18	
Phil Collins	Two Hearts	43	1989-02-25	50	48	1	18	
Pink Floyd	Another Brick In The Wall (Part II)	1052	1980-07-05	93	94	1	25	
Pink Floyd	Money	269	1973-07-28	12	13	13	15	
Player	Baby Come Back	1003	1978-01-28	3	1	1	32	
Pointer Sisters	He's So Shy	663	1980-08-09	61	62	3	26	
Poison	Unskinny Bop	810	1990-09-15	3	5	3	19	
Prince (With Sheena Easton)	The Arms Of Orion	1019	1989-12-16	35	36	36	14	
Psychedelic Furs	Pretty In Pink	729	1986-05-24	42	42	41	11	
Pure Prairie League	Amie	406	1975-03-08	88	88	27	13	
Quarterflash	Harden My Heart	608	1982-03-06	18	18	3	24	
Quarterflash	Harden My Heart	659	1982-02-06	4	4	3	24	
Queen	We Are The Champions	588	1978-01-14	10	10	4	27	
Queensryche	Silent Lucidity	670	1991-06-08	10	12	9	17	
Queensryche	Silent Lucidity	685	1991-05-11	10	11	9	17	
R. Dean Taylor	Indiana Wants Me	30	1970-12-05	18	18	5	15	
R. Dean Taylor	Indiana Wants Me	537	1970-09-19	34	35	5	15	
Randy Vanwarmer	Just When I Needed You Most	149	1979-07-21	38	38	4	20	
Rare Earth	Get Ready	1220	1970-06-06	6	6	4	20	
Ray Charles	(Night Time Is) The Right Time	214	1959-02-09	94	95	95	1	
Ray Charles	Crying Time	748	1965-12-25	60	61	6	15	
Ray Charles	Eleanor Rigby	933	1968-06-29	54	53	35	10	
Ray Charles	Let's Go Get Stoned	890	1966-07-16	29	31	31	9	
Ray Parker Jr.	Ghostbusters	621	1984-08-18	1	1	1	21	
Ray Price	For The Good Times	102	1970-09-26	65	66	11	24	
Ray Price	For The Good Times	725	1970-12-12	22	23	11	24	
Redbone	Come And Get Your Love	315	1974-02-16	35	35	5	23	
REO Speedwagon	Time For Me To Fly	268	1980-05-31	90	90	56	13	
REO Speedwagon	Time For Me To Fly	910	1980-07-05	85	86	56	13	
Rick Derringer	Rock And Roll, Hoochie Koo	1267	1974-02-23	43	42	23	14	
Rick James	Give It To Me Baby	480	1981-06-27	49	50	40	14	
Rick James	Super Freak (Part I)	812	1981-12-19	74	72	16	24	
Rick Springfield	Don't Talk To Strangers	865	1982-03-20	24	24	2	21	
Rick Springfield	Jessie's Girl	217	1981-04-11	60	61	1	32	
Rick Springfield	Jessie's Girl	450	1981-08-22	6	5	1	32	
Rita Coolidge	(Your Love Has Lifted Me) Higher And Higher	336	1977-08-13	5	4	2	27	
Rita Coolidge	Fever	692	1973-01-27	75	77	76	7	
Rita Coolidge	The Way You Do The Things You Do	291	1978-01-21	74	73	20	11	
Rita Coolidge	We're All Alone	806	1977-11-26	7	7	7	20	
Rob Base	It Takes Two	1109	1988-09-10	56	58	36	16	
Robert John	Lonely Eyes	154	1980-02-09	62	63	41	11	
Robert John	Sad Eyes	1064	1979-09-22	5	6	1	27	
Robert Palmer	Addicted To Love	271	1986-03-08	40	38	1	22	
Robert Palmer	Addicted To Love	458	1986-03-08	37	38	1	22	
Roberta Flack	Feel Like Makin' Love	221	1974-09-28	39	38	1	16	
Roberta Flack	Feel Like Makin' Love	454	1974-09-07	10	11	1	16	
Roberta Flack	Feel Like Makin' Love	940	1974-08-03	3	3	1	16	
Roberta Flack & Donny Hathaway	You've Got A Friend	4	1971-08-07	32	31	29	12	
Roberta Flack & Donny Hathaway	You've Got A Friend	1229	1971-06-19	68	67	29	12	
Rock And Hyde	Dirty Water	929	1987-05-23	64	65	61	10	
Rockwell	Somebody's Watching Me	334	1984-01-28	73	73	2	19	
Rockwell	Somebody's Watching Me	882	1984-03-17	4	3	2	19	
Rod Bernard	This Should Go On Forever	707	1959-03-16	61	60	20	11	
Rod Stewart	Maggie May	100	1971-11-27	11	11	1	17	
Rod Stewart	"Twistin' The Night Away (from the film ""Innerspace"")"	620	1987-07-25	82	80	80	4	
Roger Miller	You Can't Roller Skate In A Buffalo Herd	308	1966-07-30	42	43	40	6	
Roger Miller	You Can't Roller Skate In A Buffalo Herd	669	1966-07-30	43	43	40	6	
Ronnie Milsap	I Wouldn't Have Missed It For The World	131	1981-10-31	76	75	20	17	
Roxette	The Look	567	1989-03-04	25	25	1	19	
Roxy Music	Dance Away	568	1979-05-19	64	65	44	9	
Roxy Music	Dance Away	846	1979-06-02	48	49	44	9	
Roy Drusky	Three Hearts In A Tangle	1006	1961-06-26	34	35	35	16	
Roy Head	Treat Her Right	1125	1965-09-18	25	26	2	11	
Roy Orbison	Cry Softly Lonely One	64	1967-08-26	54	53	52	6	
Run-D.M.C.	Walk This Way	879	1986-08-02	56	55	4	16	
Rush	The Spirit Of Radio	105	1980-03-08	60	62	51	8	
Sagittarius	My World Fell Down	1182	1967-07-22	70	70	70	5	
Sammy Hagar	Give To Live	465	1987-07-11	52	52	23	17	
Sammy Hagar	I Can't Drive 55	353	1984-11-17	27	27	26	16	
Santana	Evil Ways	364	1970-04-04	18	18	9	13	
Santo & Johnny	Sleep Walk	157	1959-08-24	8	8	1	18	
Santo & Johnny	Sleep Walk	603	1959-08-10	53	55	1	18	
Shannon	Let The Music Play	1279	1984-01-14	26	26	8	24	
Shirley Brown	Woman To Woman	400	1975-01-25	53	54	22	14	
Simon & Garfunkel	A Hazy Shade Of Winter	1121	1966-11-26	18	17	13	9	
Simon & Garfunkel	Cecilia	560	1970-05-30	4	4	4	13	
Simon & Garfunkel	El Condor Pasa	1261	1970-09-26	38	38	18	11	
Simon & Garfunkel	Fakin' It	947	1967-09-16	65	65	23	8	
Simon & Garfunkel	Mrs. Robinson	616	1968-06-01	2	1	1	13	
Simon & Garfunkel	The Sounds Of Silence	1153	1965-12-11	27	26	1	14	
Simple Minds	Sanctify Yourself	254	1986-03-22	12	14	14	14	
Sly & The Family Stone	Hot Fun In The Summertime	70	1969-11-15	12	12	2	16	
Sly & The Family Stone	I Want To Take You Higher	614	1969-06-28	59	60	38	16	
Smokey Robinson	Cruisin'	307	1980-03-01	5	7	4	25	
Smokey Robinson	Cruisin'	1133	1980-03-08	15	15	4	25	
Smokey Robinson	Cruisin'	1162	1979-12-01	29	28	4	25	
Snap	The Power	40	1990-06-09	30	28	2	22	
Snap	The Power	742	1990-05-26	52	50	2	22	
Soft Cell	Tainted Love	654	1982-01-30	75	73	8	43	
Solomon Burke	If You Need Me	160	1963-04-20	93	91	37	11	
Solomon Burke	If You Need Me	172	1963-06-29	67	69	37	11	
Sonny & Cher	A Cowboys Work Is Never Done	1147	1972-04-15	10	10	8	13	
Sonny & Cher	All I Ever Need Is You	950	1971-12-11	8	8	7	15	
Sonny & Cher	Baby Don't Go	1212	1965-09-18	23	22	8	12	
Spandau Ballet	True	91	1983-08-20	41	42	4	18	
Stephanie Mills	Never Knew Love Like This Before	1112	1980-12-06	33	33	6	25	
Steppenwolf	Born To Be Wild	841	1968-10-05	22	23	2	13	
Steve Miller Band	Rock'n Me	1249	1976-09-25	20	21	1	18	
Steve Miller Band	The Joker	29	1973-11-10	44	46	1	20	
Steve Miller Band	The Joker	504	1974-01-19	1	2	1	20	
Steve Winwood	Back In The High Life Again	207	1987-09-05	36	37	13	21	
Steve Winwood	Don't You Know What The Night Can Do?	889	1988-10-15	7	7	6	17	
Stevie B	Because I Love You (The Postman Song)	242	1991-02-16	50	49	1	23	
Stevie B	Because I Love You (The Postman Song)	782	1991-02-23	63	65	1	23	
Stevie Wonder	Do I Do	736	1982-07-10	13	13	13	14	
Stevie Wonder	Higher Ground	625	1973-09-01	29	30	4	14	
Stevie Wonder	If You Really Love Me	631	1971-09-04	36	37	8	14	
Stevie Wonder	That Girl	683	1982-01-16	70	72	4	18	
Stevie Wonder	That Girl	768	1982-03-06	6	5	4	18	
Sting	All This Time	1012	1991-02-23	14	13	5	15	
Sting	If You Love Somebody Set Them Free	384	1985-08-10	2	3	3	18	
Stray Cats	I Won't Stand In Your Way	1197	1983-11-19	50	48	35	12	
Stray Cats	Rock This Town	1102	1982-11-27	13	12	9	21	
Stray Cats	Rock This Town	1150	1983-01-29	84	85	9	21	
Swingin' Medallions	Double Shot (Of My Baby's Love)	549	1966-04-30	93	92	17	13	
Switch	There'll Never Be	1078	1978-11-25	41	41	36	13	
Talking Heads	And She Was	23	1985-12-07	88	87	54	20	
Talking Heads	And She Was	870	1985-11-30	66	65	54	20	
Talking Heads	Burning Down The House	844	1983-08-20	53	54	9	20	
Tanya Tucker	Here's Some Love	19	1976-10-09	88	87	82	5	
Teddy Pendergrass	I Don't Love You Anymore	797	1977-06-25	51	51	41	14	
Ten Years After	I'd Love To Change The World	248	1971-11-13	42	42	40	12	
Ten Years After	I'd Love To Change The World	751	1971-10-02	86	86	40	12	
Tevin Campbell	Tell Me What You Want Me To Do	1145	1991-11-16	74	74	6	25	
The 5th Dimension	(Last Night) I Didn't Get To Sleep At All	265	1972-04-29	33	34	8	16	
The 5th Dimension	Go Where You Wanna Go	330	1967-01-21	70	71	16	10	
The 5th Dimension	If I Could Reach You	433	1972-09-23	47	47	10	15	
The 5th Dimension	Never My Love	22	1971-11-20	18	19	12	11	
The 5th Dimension	One Less Bell To Answer	1127	1971-02-13	12	13	2	19	
The Alan Parsons Project	Eye In The Sky	956	1982-07-31	33	35	3	25	
The Allman Brothers Band	Straight From The Heart	798	1981-09-19	39	39	39	11	
The Amboy Dukes	Journey To The Center Of The Mind	828	1968-07-20	46	47	16	12	
The Animals	San Franciscan Nights	168	1967-09-16	9	9	9	10	
The Babys	Every Time I Think Of You	1070	1979-02-03	37	37	13	16	
The Band	Life Is A Carnival	234	1971-11-20	77	75	72	6	
The Beach Boys	Bluebirds Over The Mountain	427	1969-01-11	63	62	61	6	
The Beach Boys	In My Room	270	1963-11-23	44	44	23	11	
The Beach Boys	"Kokomo (from the film ""Cocktail"")"	974	1988-09-17	57	58	1	28	
The Beach Boys	Sail On Sailor	239	1975-06-07	77	79	49	17	
The Beach Boys	Still Cruisin	228	1989-09-02	96	95	93	3	
The Beach Boys	Surfin' Safari	838	1962-08-18	77	79	14	17	
The Beach Boys	Wendy	479	1964-11-21	56	56	44	6	
The Beatles	A Hard Day's Night	1142	1964-09-19	12	12	1	13	
The Beatles	Come Together	473	1969-10-25	13	13	1	16	
The Beatles	Do You Want To Know A Secret	302	1964-03-28	80	78	2	11	
The Beatles	Eight Days A Week	727	1965-03-27	2	4	1	10	
The Beatles	Help!	1244	1965-10-30	33	32	1	13	
The Beatles	I Don't Want To Spoil The Party	1213	1965-03-20	40	39	39	6	
The Beatles	I Saw Her Standing There	853	1964-02-15	56	54	14	11	
The Beatles	Love Me Do	50	1964-07-11	23	24	1	14	
The Beatles	Ob-La-Di, Ob-La-Da	1107	1976-12-11	49	49	49	7	
The Beatles	She's A Woman	1193	1964-12-12	30	29	4	9	
The Box Tops	Cry Like A Baby	935	1968-04-20	1	3	2	15	
The Boys	Dial My Heart	78	1988-12-24	46	46	13	19	
The Buckinghams	Kind Of A Drag	369	1967-01-07	66	66	1	13	
The Byrds	Eight Miles High	111	1966-06-04	33	32	14	9	
The Byrds	Goin' Back	1033	1967-11-18	92	94	89	3	
The Castaways	Liar, Liar	848	1965-10-09	18	18	12	14	
The Chiffons	He's So Fine	1292	1963-03-09	17	19	1	15	
The Chiffons	Sweet Talkin' Guy	26	1966-05-07	88	86	10	10	
The Contours	Do You Love Me	66	1988-06-18	57	58	3	34	
The Contours	Do You Love Me	335	1962-11-10	7	9	3	34	
The Contours	Do You Love Me	849	1988-07-09	28	28	3	34	
The Cowsills	Hair	770	1969-03-15	85	84	2	15	
The Cowsills	Silver Threads And Golden Needles	474	1969-10-18	83	84	74	7	
The Crystals	He's A Rebel	404	1962-12-08	12	11	1	18	
The Crystals	He's A Rebel	1091	1962-09-29	44	44	1	18	
The Crystals	There's No Other (Like My Baby)	1094	1961-11-20	91	92	20	9	
The Cure	Just Like Heaven	359	1988-02-13	93	92	40	19	
The Doobie Brothers	Echoes Of Love	1200	1977-10-29	78	76	66	7	
The Doors	Riders On The Storm	945	1971-07-24	41	39	14	12	
The Dramatics	Hey You! Get Off My Mountain	1020	1973-05-26	64	65	43	12	
The Drifters	On Broadway	461	1963-03-30	54	56	9	10	
The Drifters	On Broadway	781	1963-04-06	36	37	9	10	
The Electric Prunes	I Had Too Much To Dream (Last Night)	134	1967-01-07	49	47	11	14	
The Everly Brothers	Bird Dog	322	1958-12-01	79	78	2	19	
The Everly Brothers	Bird Dog	733	1958-08-18	16	17	2	19	
The Everly Brothers	Ebony Eyes	1116	1961-04-10	30	31	8	12	
The Everly Brothers	Ebony Eyes	1297	1961-03-13	7	9	8	12	
The Everly Brothers	That's Old Fashioned (That's The Way Love Should Be)	1248	1962-06-30	10	12	9	9	
The Everly Brothers	Walk Right Back	153	1961-05-01	52	50	7	13	
The Fabulous Thunderbirds	Tuff Enuff	1062	1986-06-28	14	15	10	19	
The Falcons	I Found A Love	580	1962-05-26	75	75	75	9	
The Fireballs	Sugar Shack	674	1963-12-14	13	13	1	15	
The Greg Kihn Band	Happy Man	1246	1982-05-22	88	86	62	7	
The Greg Kihn Band	Lucky	1027	1985-02-16	70	72	30	12	
The Hollies	Carrie-Anne	477	1967-08-26	18	18	9	13	
The Hollies	Long Dark Road	290	1972-11-18	51	52	26	11	
The Isley Brothers	It's Your Thing	391	1969-06-07	19	19	2	14	
The J. Geils Band	Freeze-Frame	1002	1982-03-20	19	18	4	16	
The J. Geils Band	Just Can't Wait	21	1980-08-02	91	90	78	5	
The J. Geils Band	Looking For A Love	662	1972-01-29	44	45	39	10	
The J. Geils Band	Looking For A Love	664	1972-01-22	40	39	39	10	
The J. Geils Band	Must Of Got Lost	1069	1974-12-07	24	24	12	11	
The J. Geils Band	One Last Kiss	478	1978-12-02	65	65	35	13	
The Jacksons	Dancing Machine	985	1974-08-10	68	69	2	22	
The Jacksons	I Want You Back	1178	1969-11-29	49	51	1	19	
The Kendalls	Heaven's Just A Sin Away	671	1977-11-19	78	80	69	7	
The Kinks	Better Things	443	1981-12-05	99	97	92	8	
The Kinks	Till The End Of The Day	904	1966-04-23	60	61	50	8	
The La's	There She Goes	1289	1991-07-27	80	80	49	10	
The Meters	Look-Ka Py Py	1096	1970-01-31	56	56	56	10	
The Miracles	Baby, Baby Don't Cry	481	1969-03-22	17	17	8	14	
The Miracles	Baby, Baby Don't Cry	1186	1969-01-04	54	53	8	14	
The Miracles	I Don't Blame You At All	582	1971-04-03	52	50	18	12	
The Miracles	I Second That Emotion	946	1968-01-20	7	8	4	15	
The Miracles	Mighty Good Lovin'	1134	1961-08-14	51	51	51	6	
The Moments	Walk Right In	554	1963-01-12	98	100	82	5	
The Music Explosion	Little Bit O' Soul	467	1967-05-20	73	73	2	16	
The Music Machine	The People In Me	643	1967-01-28	99	100	66	8	
The O'Jays	Love Train	202	1973-04-21	29	28	1	14	
The Osmonds	One Bad Apple	432	1971-01-09	65	64	1	15	
The Pointer Sisters	Jump (for My Love)	448	1984-05-26	22	22	3	24	
The Pointer Sisters	Jump (for My Love)	850	1984-04-28	64	62	3	24	
The Police	Don't Stand So Close To Me	492	1981-03-21	14	15	10	18	
The Police	Don't Stand So Close To Me	881	1981-04-04	11	12	10	18	
The Police	Every Little Thing She Does Is Magic	293	1981-12-26	18	20	3	19	
The Police	Spirits In The Material World	148	1982-03-27	30	31	11	13	
The Power Station	Some Like It Hot	44	1985-04-06	25	24	6	18	
The Rascals	People Got To Be Free	191	1968-07-20	66	64	1	14	
The Rembrandts	Someone	414	1991-06-01	91	93	78	10	
The Righteous Brothers	(You're My) Soul And Inspiration	785	1966-03-05	92	90	1	13	
The Righteous Brothers	(You're My) Soul And Inspiration	1151	1966-03-26	9	8	1	13	
The Righteous Brothers	Unchained Melody	587	1965-08-14	6	6	4	13	
The Righteous Brothers	Unchained Melody	1007	1990-10-20	25	25	13	44	
The Ritchie Family	The Best Disco In Town	925	1976-10-23	26	25	17	20	
The Robert Cray Band	Smoking Gun	55	1987-03-07	56	56	22	14	
The Robert Cray Band	Smoking Gun	329	1987-03-07	58	56	22	14	
The Rolling Stones	Dandelion	264	1967-09-16	43	42	14	8	
The Rolling Stones	Doo Doo Doo Doo Doo (Heartbreaker)	345	1974-03-02	25	25	15	11	
The Rolling Stones	Going To A Go-Go	512	1982-06-12	67	66	25	11	
The Rolling Stones	Have You Seen Your Mother, Baby, Standing In The Shadow?	244	1966-11-12	17	16	9	7	
The Rolling Stones	Honky Tonk Women	229	1969-07-19	78	79	1	15	
The Rolling Stones	Honky Tonk Women	1266	1969-10-04	7	6	1	15	
The Rolling Stones	It's Only Rock 'N Roll (But I Like It)	39	1974-09-14	17	17	16	10	
The Rolling Stones	Miss You	958	1978-07-29	3	3	1	20	
The Rolling Stones	Not Fade Away	457	1964-06-13	76	78	48	13	
The Rolling Stones	Time Is On My Side	387	1964-11-14	18	18	6	13	
The Rolling Stones	Time Is On My Side	597	1964-11-07	31	30	6	13	
The Rolling Stones	Time Is On My Side	780	1964-10-24	64	65	6	13	
The Rolling Stones	Tumbling Dice	130	1972-06-24	24	24	7	10	
The Rolling Stones	Waiting On A Friend	278	1982-01-09	19	20	13	15	
The Rolling Stones	Waiting On A Friend	332	1982-02-27	34	35	13	15	
The Rolling Stones	Wild Horses	94	1971-06-19	83	85	28	8	
The Ronettes	Be My Baby	120	1963-09-28	1	3	2	13	
The Ronettes	Be My Baby	903	1963-09-28	3	3	2	13	
The Shirelles	Will You Love Me Tomorrow	1239	1961-01-09	6	5	1	19	
The Sopwith Camel	Hello Hello	964	1967-01-07	63	65	26	10	
The Staple Singers	City In The Sky	497	1974-08-31	82	81	79	7	
The Staple Singers	I'll Take You There	46	1972-07-01	12	12	1	15	
The String-A-Longs	Wheels	147	1961-02-06	32	32	3	16	
The String-A-Longs	Wheels	318	1961-04-03	12	12	3	16	
The String-A-Longs	Wheels	863	1961-02-06	33	32	3	16	
The Supremes	Floy Joy	320	1972-01-08	100	98	16	12	
The Supremes	Stoned Love	649	1970-11-07	61	61	7	14	
The Tee Set	Ma Belle Amie	109	1970-01-24	83	83	5	12	
The Temptations	Ain't Too Proud To Beg	468	1966-08-20	41	42	13	13	
The Temptations	I Wish It Would Rain	900	1968-02-24	4	4	4	14	
The Trammps	Disco Inferno	546	1977-03-12	80	79	11	29	
The Trammps	Disco Inferno	1016	1977-04-16	54	53	11	29	
The Turtles	Happy Together	1290	1967-04-22	2	2	1	15	
The Ventures	Perfidia	926	1960-11-07	44	44	15	13	
The Weather Girls	It's Raining Men	651	1983-01-29	80	78	46	11	
The Who	Happy Jack	891	1967-04-22	82	83	24	9	
The Who	Pinball Wizard	421	1969-04-26	48	46	19	11	
The Yardbirds	Heart Full Of Soul	579	1965-07-31	86	86	9	12	
The Yardbirds	Shapes Of Things	990	1966-05-28	36	36	11	11	
The Youngbloods	Get Together	72	1969-09-06	5	5	5	25	
The Youngbloods	Get Together	1136	1969-09-20	8	7	5	25	
Thelma Houston	Don't Leave Me This Way	1086	1977-05-28	65	64	1	24	
Tina Turner	Private Dancer	524	1985-05-11	78	80	7	18	
Tina Turner	Private Dancer	1098	1985-03-09	17	15	7	18	
Tina Turner	Private Dancer	1183	1985-04-27	65	64	7	18	
Tina Turner	The Best	348	1989-11-04	14	15	15	14	
Tina Turner	We Don't Need Another Hero (Thunderdome)	1031	1985-09-07	1	3	2	18	
Tina Turner	What You Get Is What You See	1104	1987-03-07	33	32	13	14	
Tina Turner	What's Love Got To Do With It	150	1984-09-29	7	6	1	28	
Todd Rundgren	A Dream Goes On Forever	895	1974-05-11	77	78	69	6	
Todd Rundgren	Can We Still Be Friends	1076	1978-09-02	91	93	29	15	
Tom Jones	She's A Lady	210	1971-02-20	22	24	2	14	
Tom Jones	She's A Lady	260	1971-04-17	4	4	2	14	
Tom T. Hall	I Love	606	1973-12-29	58	57	12	16	
Tom T. Hall	The Year That Clayton Delaney Died	1194	1971-10-23	40	42	42	12	
Tommy James	Crystal Blue Persuasion	528	1969-07-05	8	7	2	15	
Tommy James	Mony Mony	928	1968-05-25	13	12	3	17	
Tracie Spencer	This House	530	1990-12-22	87	89	3	23	
Tracy Chapman	Baby Can I Hold You	747	1989-01-14	52	52	48	12	
U2	With Or Without You	681	1987-06-27	38	38	1	18	
UB40	Red Red Wine	83	1984-04-07	33	34	1	40	
UB40	The Way You Do The Things You Do	139	1990-09-29	79	79	6	25	
UB40	The Way You Do The Things You Do	885	1990-10-06	60	61	6	25	
Urban Dance Squad	Deeper Shade Of Soul	339	1991-02-16	27	28	21	18	
Van Halen	When It's Love	1281	1988-07-30	30	29	29	2	
Village People	In The Navy	306	1979-05-12	4	5	3	18	
Wang Chung	Dance Hall Days	886	1984-08-25	69	71	16	22	
Waylon Jennings	Are You Sure Hank Done It This Way	1139	1975-10-11	71	70	60	9	
Waylon Jennings	Theme From The Dukes Of Hazzard (Good Ol' Boys)	802	1980-09-20	87	86	21	23	
Wednesday	Last Kiss	263	1974-03-02	35	34	34	18	
Wednesday	Last Kiss	362	1974-02-09	42	43	34	18	
Wham!	Wake Me Up Before You Go-Go	542	1984-10-27	6	6	1	24	
Whitesnake	Here I Go Again	300	1987-09-26	1	2	1	28	
Wild Cherry	Play That Funky Music	1014	1976-07-24	47	47	1	25	
Willie Mitchell	20-75	1247	1964-10-31	40	40	31	10	
Willie Nelson	Blue Eyes Crying In The Rain	126	1975-11-01	28	29	21	18	
Wilson Phillips	Hold On	385	1990-04-14	23	25	1	25	
Wilson Phillips	Hold On	628	1990-03-31	44	43	1	25	
Wilson Phillips	Hold On	911	1990-05-26	4	4	1	25	
Wilson Pickett	Don't Knock My Love - Pt. 1	677	1971-06-05	20	20	13	12	
Wilson Pickett	I Found A True Love	943	1968-10-05	50	49	42	7	
Wilson Pickett	I'm In Love	1221	1967-12-02	83	82	45	10	
Wilson Pickett	In The Midnight Hour	1018	1965-07-10	85	83	21	12	
Wilson Pickett	Soul Dance Number Three	1021	1967-07-01	60	60	55	5	
Yaz	Situation	594	1982-10-16	74	73	73	8	
Young MC	Bust A Move	1106	1990-04-07	76	74	7	39	
Yvonne Elliman	If I Can't Have You	34	1978-03-04	30	29	1	22	
ZZ Top	La Grange	140	1974-06-29	43	41	41	19	
		1	1987-07-11	82				
		2	1973-08-04	14				
		5	1976-07-10	51				
		7	1972-10-07	37				
		8	1963-04-13	67				
		9	1991-05-25	48				
		11	1960-01-25	97				
		13	1973-08-18	14				
		14	1969-01-04	56				
		17	1981-02-28	91				
		20	1976-03-06	66				
		24	1978-08-26	20				
		28	1962-09-15	94				
		31	1971-12-04	93				
		32	1975-04-05	15				
		36	1969-05-17	61				
		38	1971-09-11	73				
		42	1963-09-21	94				
		45	1974-01-19	93				
		47	1965-01-16	87				
		48	1980-04-26	19				
		52	1965-01-02	86				
		57	1984-02-18	81				
		58	1972-05-20	87				
		60	1960-03-07	67				
		63	1972-01-15	68				
		65	1960-04-11	11				
		69	1959-06-29	20				
		76	1984-10-13	79				
		80	1961-06-05	38				
		82	1961-04-10	65				
		84	1979-12-15	57				
		87	1972-09-16	68				
		90	1975-11-22	86				
		93	1987-12-12	67				
		96	1964-10-24	73				
		98	1981-11-07	84				
		103	1959-02-16	11				
		108	1967-11-25	21				
		110	1980-03-15	72				
		113	1984-10-20	76				
		117	1966-02-19	41				
		118	1969-05-10	77				
		121	1970-09-12	67				
		125	1972-10-07	76				
		129	1975-05-24	58				
		132	1978-04-29	72				
		135	1985-07-13	94				
		136	1964-08-15	76				
		137	1991-09-14	76				
		138	1963-07-13	78				
		142	1970-01-17	96				
		143	1963-10-12	77				
		144	1976-07-24	74				
		146	1975-05-10	82				
		151	1990-02-03	80				
		152	1986-06-21	76				
		156	1965-05-01	61				
		161	1974-06-08	86				
		163	1972-06-10	84				
		164	1960-08-29	24				
		165	1964-10-03	73				
		166	1964-02-29	12				
		171	1964-07-04	77				
		173	1972-06-03	71				
		174	1984-05-26	71				
		175	1981-02-28	66				
		178	1983-11-26	99				
		186	1988-10-08	67				
		189	1961-09-18	87				
		197	1983-02-26	81				
		200	1975-03-22	92				
		201	1983-10-15	58				
		211	1968-03-16	59				
		219	1981-06-13	17				
		225	1982-02-13	76				
		226	1962-05-12	60				
		230	1977-09-10	76				
		232	1990-06-09	52				
		233	1966-11-05	13				
		237	1985-07-27	54				
		243	1961-04-24	69				
		252	1970-10-03	96				
		255	1981-07-18	77				
		262	1961-09-18	91				
		266	1973-01-06	86				
		272	1960-01-25	40				
		273	1988-11-19	89				
		274	1965-11-06	68				
		277	1962-10-06	77				
		283	1980-08-30	57				
		285	1986-11-01	35				
		286	1991-02-09	89				
		287	1980-08-23	73				
		298	1969-12-27	64				
		299	1973-06-16	50				
		301	1972-02-05	69				
		305	1974-08-03	31				
		311	1989-09-30	46				
		313	1980-02-23	51				
		316	1988-02-06	80				
		321	1963-01-05	33				
		327	1966-07-30	80				
		328	1967-11-18	63				
		333	1971-09-11	53				
		337	1979-08-25	34				
		340	1987-08-29	52				
		342	1990-03-17	37				
		344	1983-04-09	94				
		350	1973-06-23	61				
		357	1987-02-28	77				
		363	1964-09-26	98				
		365	1977-04-23	86				
		368	1986-07-12	39				
		373	1991-09-07	29				
		374	1971-10-16	98				
		375	1960-04-11	61				Two versions of this song released this year...
		376	1983-02-12	30				
		379	1961-04-10	57				
		388	1959-08-10	96				
		392	1977-12-24	2				
		394	1974-09-14	33				
		398	1959-02-23	92				
		405	1986-06-28	33				
		408	1966-12-31	57				
		409	1987-08-08	19				
		411	1981-06-06	82				
		413	1965-08-21	51				
		416	1968-03-02	69				
		420	1962-07-14	45				
		422	1969-08-09	75				
		423	1974-11-30	60				
		424	1988-05-14	28				
		428	1959-03-02	24				
		431	1977-02-26	77				
		435	1959-10-19	97				
		436	1975-03-29	76				
		437	1966-10-29	65				
		438	1963-08-24	55				
		440	1984-03-03	48				
		441	1966-03-19	58				
		447	1989-09-16	70				
		449	1968-08-10	59				
		453	1973-04-28	83				
		459	1981-02-07	68				
		460	1984-09-15	84				
		462	1963-09-07	35				
		466	1987-08-15	21				
		470	1987-05-30	48				
		486	1986-03-08	83				
		487	1986-03-08	48				
		488	1965-11-20	10				
		489	1984-12-22	72				
		491	1986-01-18	25				
		493	1984-06-16	80				
		495	1963-11-23	59				
		496	1962-08-04	97				
		498	1985-04-06	100				
		499	1965-07-10	69				
		505	1963-05-25	2				
		509	1963-04-27	71				
		513	1972-11-18	29				
		514	1989-01-21	19				
		519	1972-07-01	61				
		520	1973-05-05	83				
		523	1972-07-08	80				
		527	1964-05-30	72				
		529	1983-05-21	93				
		532	1962-06-23	94				
		534	1965-04-24	87				
		535	1968-05-04	51				
		536	1981-07-11	40				
		538	1989-09-30	82				
		541	1970-01-17	14				
		544	1965-10-23	74				
		548	1987-10-03	82				
		551	1984-05-26	44				
		556	1979-09-01	41				
		557	1961-10-23	15				
		558	1979-01-06	73				
		563	1968-11-09	81				
		564	1971-05-08	97				
		566	1972-11-18	57				
		569	1962-03-10	33				
		575	1991-01-12	65				
		576	1968-11-09	44				
		581	1970-10-24	5				
		584	1987-01-31	68				
		586	1974-07-13	92				
		593	1980-03-15	43				
		595	1959-08-03	84				
		602	1991-04-06	88				
		604	1978-07-01	41				
		609	1964-11-21	66				
		611	1987-04-18	38				
		612	1970-12-19	88				
		613	1971-02-13	52				
		622	1980-08-16	61				
		624	1959-07-20	99				
		626	1991-08-10	82				
		630	1961-06-26	68				
		632	1967-12-02	15				
		639	1986-05-31	91				
		641	1981-07-04	61				
		642	1963-11-23	68				
		644	1987-05-09	80				
		646	1984-01-28	6				
		652	1964-09-19	83				
		653	1974-09-14	32				
		661	1969-01-25	47				
		665	1984-11-24	70				
		666	1962-04-28	76				
		667	1989-12-16	69				
		673	1971-06-19	93				
		676	1961-07-10	49				
		679	1958-12-01	87				
		686	1960-06-20	75				
		693	1961-08-14	73				
		694	1962-11-03	12				
		697	1989-06-10	91				
		702	1969-08-30	80				
		703	1960-02-08	25				
		704	1960-08-08	77				
		710	1991-03-23	57				
		712	1964-03-14	10				
		714	1983-12-10	80				
		715	1966-09-10	29				
		717	1971-09-18	64				
		718	1991-01-26	2				
		719	1984-07-28	51				
		724	1986-11-22	91				
		732	1967-12-23	91				
		738	1963-09-28	47				
		739	1971-10-30	66				
		744	1961-03-27	67				
		745	1977-06-18	87				
		750	1959-03-02	44				
		753	1975-05-17	47				
		754	1986-10-18	97				
		756	1962-01-20	89				
		760	1972-08-12	79				
		763	1974-04-20	95				
		764	1962-02-03	34				
		771	1963-08-10	44				
		774	1958-11-17	56				
		778	1976-09-04	42				
		784	1984-10-27	88				
		786	1980-08-02	86				
		799	1963-06-29	79				
		801	1986-09-27	35				
		808	1959-11-09	62				
		815	1990-03-10	77				
		817	1958-09-01	90				
		820	1965-10-09	82				
		825	1989-07-01	17				
		826	1968-11-02	87				
		829	1990-09-08	50				
		835	1989-08-26	81				
		836	1961-04-03	86				
		840	1963-04-20	94				
		851	1977-10-08	91				
		854	1969-10-18	43				
		855	1987-02-07	26				
		858	1986-10-25	99				
		860	1976-01-03	91				
		862	1960-03-07	87				
		866	1968-11-16	68				
		867	1967-08-19	58				
		868	1976-06-12	27				
		869	1970-01-03	52				
		871	1958-10-13	28				
		876	1971-02-13	71				
		877	1986-04-12	62				
		878	1966-11-26	49				
		880	1976-02-21	91				
		883	1988-11-26	14				
		892	1962-08-04	99				
		897	1986-08-16	95				
		899	1980-05-24	71				
		906	1970-07-04	45				
		907	1964-04-04	22				
		908	1968-02-10	79				
		912	1973-03-17	57				
		918	1984-09-15	47				
		919	1989-08-19	87				
		921	1979-03-10	86				
		922	1987-03-14	48				
		924	1985-08-03	49				
		930	1976-02-21	52				
		931	1976-04-17	77				
		934	1982-07-03	61				
		936	1986-10-18	87				
		937	1963-03-16	17				
		938	1980-07-05	19				
		939	1991-01-26	8				
		942	1971-04-03	91				
		949	1982-12-18	42				
		951	1983-11-26	53				
		953	1975-09-13	92				
		955	1979-04-21	60				
		957	1974-09-21	83				
		959	1964-04-25	52				
		960	1991-06-22	66				
		962	1974-10-19	11				
		966	1965-08-07	74				
		971	1968-10-19	78				
		972	1963-10-19	78				
		975	1963-02-02	40				
		976	1966-07-16	6				
		977	1970-01-31	17				
		980	1977-02-19	74				
		983	1963-11-30	47				
		989	1979-10-27	51				
		994	1986-01-11	77				
		997	1964-01-25	75				
		998	1971-10-09	18				
		1000	1986-04-05	35				
		1001	1967-11-11	14				
		1004	1985-08-24	36				
		1005	1961-04-17	73				
		1008	1964-01-11	70				
		1010	1975-09-13	39				
		1015	1961-08-14	16				
		1017	1986-07-19	30				
		1023	1981-11-28	30				
		1026	1962-09-08	52				
		1028	1968-05-11	49				
		1029	1991-11-09	69				
		1030	1980-11-15	88				
		1035	1971-11-20	30				
		1036	1989-03-11	39				
		1038	1982-02-13	80				
		1047	1988-12-17	86				
		1049	1963-10-05	41				
		1050	1975-07-05	12				
		1057	1963-01-26	96				
		1060	1960-07-25	44				
		1065	1962-10-20	67				
		1074	1986-06-28	45				
		1075	1966-08-06	100				
		1077	1978-03-04	89				
		1079	1972-07-08	47				
		1080	1972-10-21	50				
		1081	1963-07-20	63				
		1083	1986-06-21	78				
		1088	1989-10-07	76				
		1090	1982-06-19	89				
		1092	1988-03-19	68				
		1095	1977-07-09	91				
		1105	1973-09-15	62				
		1108	1963-01-05	99				
		1115	1979-10-06	57				
		1122	1990-09-08	64				
		1128	1976-12-25	35				
		1129	1988-12-17	26				
		1130	1980-01-19	43				
		1131	1967-09-09	24				
		1137	1991-03-30	48				
		1144	1989-09-30	38				
		1156	1966-09-17	75				
		1158	1990-04-07	81				
		1159	1976-06-12	64				
		1165	1969-10-11	83				
		1172	1985-10-05	31				
		1175	1990-08-18	9				
		1176	1960-08-15	67				
		1179	1968-06-15	81				
		1184	1977-01-08	91				
		1185	1989-02-04	70				
		1187	1984-12-08	47				
		1189	1960-12-12	75				
		1191	1972-05-06	43				
		1195	1991-01-12	20				
		1196	1985-04-06	12				
		1198	1972-03-04	21				
		1199	1963-10-05	12				
		1202	1961-11-13	50				
		1205	1975-07-26	58				
		1206	1975-04-05	89				
		1207	1978-03-11	76				
		1209	1986-06-21	87				
		1214	1961-05-01	60				
		1215	1965-03-20	79				
		1216	1988-04-30	6				
		1219	1966-07-02	74				
		1224	1958-10-06	79				
		1230	1985-08-10	86				
		1231	1975-06-28	55				
		1233	1971-04-17	84				
		1236	1958-11-10	24				
		1238	1985-06-22	82				
		1241	1963-03-16	94				
		1243	1960-01-04	95				
		1251	1968-04-27	73				
		1252	1990-08-18	81				
		1254	1977-10-22	77				
		1255	1964-10-17	1				
		1259	1968-03-23	99				
		1262	1969-05-10	75				
		1264	1973-11-03	8				
		1275	1963-09-14	11				
		1278	1963-02-23	46				
		1284	1979-01-20	85				
		1288	1986-09-06	48				
		1291	1982-07-24	86				
		1293	1991-02-02	95				
		1294	1979-03-10	93				
		1295	1982-03-20	84				
		1298	1988-02-20	52				
		1299	1969-05-31	100				
