FileName	ARTIST	TITLE	Prexisting data? 	Transcriber	Transcription Date 	Comments	ChangesToMcGillTranscription
ABBA_Chiquitita_1979	ABBA	Chiquitita	midi	Hubert	2016-02-20	"The MCGill transcription isn't very good for the instrumental intro, but things line up properly when the voice comes in. "	
ABBA_HoneyHoney_1974	ABBA	"Honey, Honey "	midi	Claire	2016-03-27		
AliceCooper_SchoolsOut_1972	Alice Cooper 	School's Out 	midi	Nat	2017-01-27	"The McGill transcription is clearly of the wrong track---I believe it's the album version of the song. It has the key as D#m, when the true key is Em. There harmonic interpretation of the main riff is also bizzare. Also, the verse section isn't labelled as such and the single version is much shorter. Modulation to Gm in chorus, hard to say where modulation occurs. "	"Made extensive changes, both to match singe version of track (not album version) but also some interpretive changes regarding pedal tones "
AnitaBaker_SweetLove_1986	Anita Baker 	Sweet Love 	midi	Nat	2016-08-02		Added key changes 
AnneMurray_CouldIHaveThisDance_1980	Anne Murray 	Could I Have This Dance 	midi	Hubert	2016-06-22	"I think that the McGill data is based on the 1997 live version, which is much longer and a tone higher, rather than based on the actual hot 100 single. I transcribed the single version. I've fixed the harmonic transcription to match the single version (like it's suppose to), but haven't reall listened through it to make sure it is correct (i.e., the chords are all the same). "	
BachmanTurnerOverdrive_RollOnDownTheHighway_1975	Bachman-Turner Overdrive 	Roll On Down The Highway 		Nat	2016-08-25		
Bananarama_Venus_1986	Bananarama	Venus	midi	Lissa	2016-01-25	two instances of male vocal interjections. Indicated in lyrics with (pa-ren-the-ses)_ Is this ok? 	
BillyIdol_RebelYell_1984	Billy Idol 	Rebel Yell 	midi	Nat	2016-08-18		harmonic rhythm needs to be changed in the chorus section 
BillyIdol_WhiteWedding_1983	Billy Idol 	White Wedding 	midi	Nat	2016-08-09		
BingCrosby_SilentNight_1960	Bing Crosby 	Silent Night 	midi	Dana	2016-01-20		
Blondie_OneWayOrAnother_1979	Blondie	One Way Or Another 	midi	Hubert	2016-02-25		
BobSeger_LikeARock_1986	Bob Seger 	Like A Rock 		Nat	2016-08-17	Pretty tough...M3m3 weirdness 	
BrendaLee_SweetNothins_1960	Brenda Lee 	Sweet Nothin's 		Hubert	2016-01-20		"technically harmonic rhythm needs to be changed in chorus, however it won't affect pairing w/ melody since it's only spoken during chorus. "
BruceSpringsteen_ImGoinDown_1985	Bruce Springsteen 	I'm Goin' Down 		Dana	2016-01-30		
BruceSpringsteen_MyHometown_1985	Bruce Springsteen 	My Hometown 	midi	Dana	2016-01-30		
CheapTrick_DreamPolice_1979	Cheap Trick 	Dream Police 	midi	Nat	2016-08-01		Transcription had one extra measure (measure 79) at the end of the guitar solo. I've removed this measure; Measure 104 was given as 3/4 instead of two measures of 3/8, which is inconsistant. I've changed it to two measures of 3/8. NEED TO FIX NUMEROUS SYNCOPATIONS IN CHORDS.
Chicago_25Or6To4_1970	Chicago	25 Or 6 To 4 	midi	Nat	2016-08-23		"Added Chorus Section labels--changed last verse to a ""bridge"" "
ChubbyChecker_TheTwist_1962	Chubby Checker 	The Twist 	midi	Claire	2016-01-26		
ChuckBerry_ReelinAndRockin_1972	Chuck Berry 	Reelin' & Rockin' 	midi	Hubert; Nat 	2016/06/20; 2017/02/02 	Every chorus ends with a note in between Bb and B 	Pre-chorus needs harmonic rhythm changed. 
Cream_SunshineOfYourLove_1968	Cream	Sunshine Of Your Love 	midi	Nat	2016-01-26		
CreedenceClearwaterRevival_BadMoonRising_1969	Creedence Clearwater Revival 	Bad Moon Rising 	midi	Nat	2016-02-22		
DepecheMode_WorldInMyEyes_1990	Depeche Mode 	World In My Eyes 	midi	Nat	2016-02-02	Intro is twice as long (16 measures) as McGill data says 	
DuranDuran_IsThereSomethingIShouldKnow_1983	Duran Duran 	Is There Something I Should Know 	midi	Hubert	2016-06-21		"Section labels are weird; Modulation to D? and f#?; They seem to be listenign to a live version, the measures are all off "
EarthWindAndFire_September_1979	"Earth, Wind & Fire "	September	midi	Nat	2017-01-18		Change key to Amaj. Add rhythmic detail to chords (lots of 8th-note syncopations); section labels weird/wrong number of measures. Missing bridge? Missing measures. Passing chord walk up to Bm? 
EdwinStarr_War_1970	Edwin Starr 	War	midi	Nat	2017-01-26	Lots of approximate pitch. Difficulty with octaves...help? 	
EltonJohn_GoodbyeYellowBrickRoad_1973	Elton John 	Goodbye Yellow Brick Road 	midi	Hubert	2016-02-03		
ElvisPresley_Judy_1967	Elvis Presley 	Judy	midi	Hubert	2016-01-31		
ElvisPresley_OneNight_1959	Elvis Presley 	One Night 	midi	Claire	2016-01-17		
EricClapton_LayDownSally_1978	Eric Clapton 	Lay Down Sally 	midi	Nat	2016-08-04		
EricClapton_WillieAndTheHandJive_1974	Eric Clapton 	Willie And The Hand Jive 		Hubert	2016-06-20	Something is wrong with the McGill harmonic transcription. It's way too long  (by like 200 measures)... 	
FatsDomino_BeMyGuest_1959	Fats Domino 	Be My Guest 	midi	Dana	2016-01-20		
FontellaBass_RescueMe_1965	Fontella Bass 	Rescue Me 		Gary	2016-02-23		
GenePitney_TownWithoutPity_1961	Gene Pitney 	Town Without Pity 		Nat	2016-08-31	"location of ""outro"" is weird. Some chords seem wrong...like measure 46 and last chord... ALSO FERMATA IN measure 51 "	Chord in measure 64 is wrong; might need 8th note work; key change?; Missing four measures (repeated outro progression) at end 
GeorgeHarrison_CrackerboxPalace_1977	George Harrison 	Crackerbox Palace 	midi	Hubert	2016-08-13		
GeorgeHarrison_GotMyMindSetOnYou_1988	George Harrison 	Got My Mind Set On You 		Nat	2016-08-09		
GloriaGaynor_NeverCanSayGoodbye_1975	Gloria Gaynor 	Never Can Say Goodbye 	midi	Nat	2017-02-02		
HankSnow_IveBeenEverywhere_1962	Hank Snow 	I've Been Everywhere 	midi	Nat	2016-08-03	Bars are too short throughtout (all should be twice as long) 	
Heart_MagicMan_1976	Heart	Magic Man 	midi	Nat	2016-02-21	Need to double check long guitar solo is right length. Last measure missing from McGIll? 	
Heart_WhoWillYouRunTo_1987	Heart	Who Will You Run To 	midi	Hubert	2016-08-12	I'm not sure about some of the rhythms. Someone else should have a quick look. 	
JFrankWilsonAndTheCavaliers_LastKiss_1964	J. Frank Wilson & The Cavaliers 	Last Kiss 	UPRFB	Nat	2016-01-20	Fade out seemed two measures shorter to me than the McGill score 	
JimmyClanton_JustADream_1958	Jimmy Clanton 	Just A Dream 	midi	Hubert	2016-01-20		
JohnDenver_BackHomeAgain_1974	John Denver 	Back Home Again 	midi	Hubert	2016-06-28		
JohnnyCash_IGotStripes_1959	Johnny Cash 	I Got Stripes 		Hubert	2016-06-26		"2 extra measure at beginning; BB has extra measure at 85; change halfs to dotted-quarters; inconsistant use of 3/8 and 3/4 in synthesizer section, this section is also too short; length of fade out may not match "
JohnnyHorton_JohnnyReb_1959	Johnny Horton 	Johnny Reb 		Hubert	2016-01-20		
JohnnyHorton_TheBattleOfNewOrleans_1959	Johnny Horton 	The Battle Of New Orleans 	midi	Nat	2016-01-20		
JudasPriest_YouveGotAnotherThingComin_1982	Judas Priest 	You've Got Another Thing Comin' 	midi	Nat	2016-02-15	Gave up on outro improv after measure 166 	
Kiss_RocketRide_1978	Kiss	Rocket Ride 	midi	Claire	2016-02-12		This is based on an edited version. The McGill transcription ends early during the fade-out (not a big deal). Some of the rhythms were tricky. 
LedZeppelin_DyerMaker_1973	Led Zeppelin 	D'yer Mak'er 	midi	Nat	2016-09-15		
LedZeppelin_OverTheHillsAndFarAway_1973	Led Zeppelin 	Over The Hills And Far Away 	midi	Nat	2016-08-01		
LeoSayer_YouMakeMeFeelLikeDancing_1977	Leo Sayer 	You Make Me Feel Like Dancing 	midi	Claire	2016-02-21		
LittleRiverBand_HelpIsOnItsWay_1977	Little River Band 	Help Is On Its Way 	midi	Hubert	2016-06-15		
LittleRiverBand_Reminiscing_1978	Little River Band 	Reminiscing		Hubert	2016-06-19		
LynyrdSkynyrd_SweetHomeAlabama_1974	Lynyrd Skynyrd 	Sweet Home Alabama 	midi	Nat	2016-07-27		
Madonna_OhFather_1990	Madonna	Oh Father 	midi	Nat	2017-01-24	"The harmonic transcription of this whole song is in 4/4, but the piece is mostly in 12/8; actually it's ambiguous in parts between 6/4 and 12/8 "	"Key is C, not F "
Metallica_One_1989	Metallica	One	midi	Nat	2016-02-16	Measures aren't lining up with McGill towards end...they're clearly ignoring a tempo change. Should be easy to fix at humdrum stage 	
MichaelJackson_BeatIt_1983	Michael Jackson 	Beat It 	midi	Nat	2017-01-18		
OtisRedding_TheDockOfTheBay_1968	Otis Redding 	(Sittin' On) The Dock Of The Bay 	midi	Claire	2016-02-15	mm.39-40 are approximated; unvoiced syllables in m.44 and m.48 were omitted.	
PaulMcCartney_MaybeImAmazed_1977	Paul McCartney	Maybe I'm Amazed	midi	Hubert	2016-02-21	Some challenging measures with vocal improv. I had to right an aproximation.	The McGill file is in 4/4 but it should be in 12/8.
PaulMcCartneyAndWings_MyLove_1973	Paul McCartney & Wings	My Love	midi	Nat	2016-01-20	Lots of microtiming; big fermata at end is making last few measures misalign with McGill measure #	
PaulRevereAndTheRaiders_Kicks_1966	Paul Revere & The Raiders	Kicks		Nat	2016-02-25		
PaulSimon_50WaysToLeaveYourLover_1976	Paul Simon	50 Ways To Leave Your Lover	midi	Nat	2016-01-31		
PetShopBoys_WhatHaveIDoneToDeserveThis_1988	Pet Shop Boys	What Have I Done To Deserve This?		Claire	2016-02-16	"Chorus is entirely spoken, so I omitted it. It comes back three times."	
PhilCollins_TwoHearts_1989	Phil Collins	Two Hearts	midi	Claire	2016-02-01	swing 8ths	
PinkFloyd_AnotherBrickInTheWall_1980	Pink Floyd	Another Brick In The Wall (Part II)	midi	Nat	2016-02-21		
Quarterflash_HardenMyHeart_1982	Quarterflash	Harden My Heart	midi	Nat	2016-01-23		
Queensryche_SilentLucidity_1991	Queensryche	Silent Lucidity	midi	Nat	2017-01-25	Measure 64 seems to be extra	Add key change to C in bridge'; add rhythmic anticipations (8th notes) starting around measure 62; Check chord qualities in 63-70...Cmin65 in 63 is really just Eb throughout with string melody 
RickJames_SuperFreak_1981	Rick James 	Super Freak (Part I) 		Nat	2016-08-16	"This song is very sing-songy...could use a second go over, and probably should add some of the background parts (Call and response) "	
RogerMiller_YouCantRollerSkateInABuffaloHerd_1966	Roger Miller 	You Can't Roller Skate In A Buffalo Herd 	midi	Claire	2016-02-23	"mm73-74; 79-80 spoken, pitches and lyrics omitted. "	
Rush_TheSpiritOfRadio_1980	Rush	The Spirit Of Radio 	midi	Nat	2017-01-22	"Unsure about timing in beginning, but not important?; Rhythmic detail; ""bridge"" better labeled chorus I think?; ""instrumental"" should be ""top""?; tempo changes...renotate ""outro"" and ""top"" in half-time?; ""outro"" renamed verse? "	
SimonAndGarfunkel_AHazyShadeOfWinter_1966	Simon & Garfunkel 	A Hazy Shade Of Winter 	midi	Nat	2016-02-27	"Just transcribed lower voice...in some places the upper voice might be more salient, but it's generally quieter "	
SimonAndGarfunkel_MrsRobinson_1968	Simon & Garfunkel 	Mrs. Robinson 	midi	Nat	2016-10-01	Key is difficult...added some key changes 	
SoftCell_TaintedLove_1982	Soft Cell 	Tainted Love 	midi	Hubert	2016-06-27	"McGill is annotated in half-time. I transcribed it in ""real"" time. We need to fix the mcgill file. "	Dotted-Quarters
SonnyAndCher_AllIEverNeedIsYou_1971	Sonny & Cher 	All I Ever Need Is You 		Hubert	2016-02-18		
Steppenwolf_BornToBeWild_1968	Steppenwolf	Born To Be Wild 	midi	Nat	2016-07-27		
SteveMillerBand_RocknMe_1976	Steve Miller Band 	Rock'n Me 	midi	Nat	2017-01-18		"Should renumber barlines, so that pickup at beginning is 0, not 1; Add some rhythmic detail to intro/interlude "
TheBeachBoys_InMyRoom_1963	The Beach Boys 	In My Room 	midi	Hubert	2016-08-16		
TheBeachBoys_Kokomo_1988	The Beach Boys 	Kokomo (from the film Cocktail) 	midi	Hubert	2016-01-27		
TheBeatles_AHardDaysNight_1964	The Beatles 	A Hard Day's Night 	midi	Nat	2016-01-25		
TheBeatles_EightDaysAWeek_1965	The Beatles 	Eight Days A Week 	midi	Nat	2016-02-25		
TheBeatles_Help_1965	The Beatles 	Help!	midi	Nat	2016-01-26		Nat
TheBeatles_ISawHerStandingThere_1964	The Beatles 	I Saw Her Standing There 	midi	Nat	2016-01-23		
TheBeatles_LoveMeDo_1964	The Beatles 	Love Me Do 	midi	Nat	2016-01-23		
TheBeatles_ObLaDiObLaDa_1976	The Beatles 	"Ob-La-Di, Ob-La-Da "	midi	Nat	2016-02-21	Measures in McGill.krn not right 	
TheCrystals_HesARebel_1962	The Crystals 	He's A Rebel 	midi	Hubert	2016-02-01		harmonic rhythm needs to be changed from 2+2s to 4. + 8_2 
TheEagles_LyinEyes_1975	The Eagles 	Lyin' Eyes 	midi	Nat	2017-01-12		
TheEverlyBrothers_ThatsOldFashioned_1962	The Everly Brothers 	That's Old Fashioned (That's The Way Love Should Be) 	midi	Hubert	2016-08-08	The melody is harmonised all through the song. I transcribed both lines 	Version I listened too had one more repeat of chorus (8 measures)...perhaps I'm listenign to an album track? 
TheEverlyBrothers_WalkRightBack_1961	The Everly Brothers 	Walk Right Back 	midi	Claire	2016-01-12		
TheHollies_CarrieAnne_1967	The Hollies 	Carrie-Anne	midi	Claire	2016-03-22	"the 3-parts for the chorus is gonna seem wrong if you listen to the midi, but if you listen closely, I think the weird bottom part is right. "	
TheKinks_BetterThings_1981	The Kinks 	Better Things 	midi	Gary	2016-02-04	"There are definitely two guitars, and they do overlap at times, but I put them both on one staff because I only transcribed the most prominent bits. ALSO, the McGill file doesn't have the last few measures before the fade out. ALSO, the last chords for the McGill file starting ms. 95 seem to be wrong (listed as A, should probably be D.) ALSO, I wasn't sure about hearing the correct register for the electric guitar, so some help there would be nice. "	
TheLas_ThereSheGoes_1991	The La's 	There She Goes 		Claire	2016-03-23	McGill file has mistakes 	
TheMiracles_IDontBlameYouAtAll_1971	The Miracles 	I Don't Blame You At All 		Hubert	2016-01-20		
ThePolice_DontStandSoCloseToMe_1981	The Police 	Don't Stand So Close To Me 	midi	Nat	2016-08-03	Chords in chorus double check?	
TheRascals_PeopleGotToBeFree_1968	The Rascals 	People Got To Be Free 	UPRFB	Hubert	2016-06-29	Many voices. I tried my best to isolate the lead. Last measures are spoken. Did not transcribe those 	Key changes (majro to minor) 
TheRighteousBrothers_SoulAndInspiration_1966	The Righteous Brothers 	(You're My) Soul And Inspiration 
TheRollingStones_HonkyTonkWomen_1969	The Rolling Stones 	Honky Tonk Women 	midi	Nat	2016-02-23		
TheRollingStones_MissYou_1978	The Rolling Stones 	Miss You 	midi	Claire	2016-02-13	"help? All rhythms are very approximate. All ""x"" noteheads indicate unvoiced syllables in an approximate range. This one may just be an outlier. NB: end of piece looks wierd due to cut and paste from midi, can't seem to fix it (not sure how that will affect xml). "	
TheRollingStones_TimeIsOnMySide_1964	The Rolling Stones 	Time Is On My Side 	midi	Lissa	2016-02-07	"unpitched, unmetered speech over instrumental solo omitted from lyrics and transcription "	
TheRollingStones_WildHorses_1971	The Rolling Stones 	Wild Horses 	midi	Nat	2016-07-26		In last two choruses there is a typo where they make dmin and gmin chords whole notes instead of half notes 
TheTurtles_HappyTogether_1967	The Turtles 	Happy Together 	midi	Nat	2016-08-03	Swung	"rethink section labels: ""Bridge"" is really last verse? "
TheWeatherGirls_ItsRainingMen_1983	The Weather Girls 	It's Raining Men 		Hubert	2016-01-30		
TheWho_PinballWizard_1969	The Who 	Pinball Wizard 	midi	Nat	2016-02-12		
TinaTurner_WhatsLoveGotToDoWithIt_1984	Tina Turner 	What's Love Got To Do With It 	midi	Nat	2016-02-16	McGill has extra measure at 37. Also chorus chords call clear vi chord. Also theres a key change
TomJones_ShesALady_1971	Tom Jones 	She's A Lady 	midi	Nat	2017-02-02	Is progression Em äóñ Em -D or Em äóñ A- D? Does it really change from verse to verse?; version I found is a little longer that McGill's äó_ which is correct? 	"Move key change back to D two measures earlier, to measure 45 "
U2_WithOrWithoutYou_1987	U2	With Or Without You 	midi	Nat	2016-02-15		
VanHalen_WhenItsLove_1988	Van Halen 	When It's Love 	midi	Nat	2016-08-22	There's a repeated pattern (end of first chorus is first time) where I'm notating a quarter note on the beat which is really late...maybe it should be written as syncopation? 	
VillagePeople_InTheNavy_1979	Village People 	In The Navy 	midi	Hubert	2016-01-22	"2 melody parts: Part 1 = main melody; Part 2 = ""In the Navy"". I did not transcribe the spoken parts. "	
Wham_WakeMeUpBeforeYouGoGo_1984	Wham!	Wake Me Up Before You Go-Go 	midi	Nat	2017-01-21	"Pickup chords inconsistent in intro; renumber barlines so that pickup is measure 0; prechorus is labelled ""bridge""; First chorus has extra measure (=42 in unedited hum);'interlude' isn't really an interlude "	
Whitesnake_HereIGoAgain_1987	Whitesnake	Here I Go Again 	midi	Nat	2017-01-19	Need to add rhythmic detail to chords?; Not sure äóìpreverseäó section label is necessarry 	
AaronNeville_TellItLikeItIs_1966	Aaron Neville 	Tell It Like It Is 	midi				
ABBA_Fernando_1976	ABBA	Fernando	midi				
ABBA_KnowingMeKnowingYou_1977	ABBA	"Knowing Me, Knowing You "	midi				
ABBA_OnAndOnAndOn_1981	ABBA	On And On And On 					
ABBA_TakeAChanceOnMe_1978	ABBA	Take A Chance On Me 	midi				
Aerosmith_LastChild_1976	Aerosmith	Last Child 					
Alabama_TakeMeDown_1982	Alabama	Take Me Down 					
AlanODay_UndercoverAngel_1977	Alan O'Day 	Undercover Angel 	midi				
AlGreen_OhMeOhMy_1975	Al Green 	"Oh Me, Oh My (Dreams In My Arms) "					
AliceCooper_HeyStoopid_1991	Alice Cooper 	Hey Stoopid 					
AndyGibb_ShadowDancing_1978	Andy Gibb 	Shadow Dancing 					
AnitaBaker_CaughtUpInTheRapture_1987	Anita Baker 	Caught Up In The Rapture 					
AnitaBaker_GivingYouTheBestThatIGot_1989	Anita Baker 	Giving You The Best That I Got 					
AnneMurray_DaydreamBeliever_1980	Anne Murray 	Daydream Believer 					
AnneMurray_LoveSong_1974	Anne Murray 	Love Song 	midi	Hubert	2017-05-18	The McGill file is ok up to m. 66. But then it seems to be missing a whole section, as it goes directly into the outro. Maybe it was transcribed from a radio edit version? My transcriptions matches the McGill file. (I've started to update the melodic transcription to the correct length. Still need to do the harmonic transcription, and make corrections to the melodic transcription. -Nat)
AnnPeebles_ICantStandTheRain_1973	Ann Peebles 	I Can't Stand The Rain 					
ArethaFranklin_ChainOfFools_1967	Aretha Franklin 	Chain Of Fools 	midi				
ArethaFranklin_INeverLovedAMan_1967	Aretha Franklin 	I Never Loved A Man (The Way I Love You) 					
ArethaFranklin_OhMeOhMy_1972	Aretha Franklin 	Oh Me Oh My (I'm A Fool For You Baby) 	midi				
ArthurConley_SweetSoulMusic_1967	Arthur Conley 	Sweet Soul Music 					
ATasteOfHoney_Sukiyaki_1981	A Taste Of Honey 	Sukiyaki					
BachmanTurnerOverdrive_Heartaches_1979	Bachman-Turner Overdrive 	Heartaches					
BadCompany_RockNRollFantasy_1979	Bad Company 	Rock 'N' Roll Fantasy 	midi				
Badfinger_MaybeTomorrow_1969	Badfinger	Maybe Tomorrow 					
Baltimora_TarzanBoy_1986	Baltimora	Tarzan Boy (from the film Teenage Mutant Ninja Turtles III) 					
Bananarama_ATrickOfTheNight_1987	Bananarama	A Trick Of The Night 					
BarbaraLewis_HelloStranger_1963	Barbara Lewis 	Hello Stranger 	midi				
BarbraStreisand_FunnyGirl_1964	Barbra Streisand 	Funny Girl 					
BarbraStreisand_People_1964	Barbra Streisand 	People					
BarryWhite_YoureTheFirstTheLastMyEverything_1974	Barry White 	"You're The First, The Last, My Everything "					
BayCityRollers_SaturdayNight_1975	Bay City Rollers 	Saturday Night 					
BBKing_HowBlueCanYouGet_1964	B.B. King 	How Blue Can You Get 	midi				
BBKing_TheThrillIsGone_1970	B.B. King 	The Thrill Is Gone 	midi				
BeastieBoys_BrassMonkey_1987	Beastie Boys 	Brass Monkey 					
BenEKing_Amor_1961	Ben E. King 	Amor					
BerthaTillman_OhMyAngel_1962	Bertha Tillman 	Oh My Angel 					
BetteMidler_TheRose_1980	Bette Midler 	The Rose 	midi				
BillWithers_AintNoSunshine_1971	Bill Withers 	Ain't No Sunshine 	midi				
BillWithers_LovelyDay_1978	Bill Withers 	Lovely Day 	midi				
BillyIdol_CatchMyFall_1985	Billy Idol 	Catch My Fall 	midi				
BillyIdol_FleshForFantasy_1984	Billy Idol 	Flesh For Fantasy 	midi				
BillyIdol_HotInTheCity_1982	Billy Idol 	Hot In The City 	midi				
BillyJoel_AnInnocentMan_1984	Billy Joel 	An Innocent Man 	midi				
BillyJoel_DontAskMeWhy_1980	Billy Joel 	Don't Ask Me Why 	midi				
BillyJoel_JustTheWayYouAre_1978	Billy Joel 	Just The Way You Are 	midi				
BillyJoel_Pressure_1983	Billy Joel 	Pressure	midi				
BillyPreston_WithYouImBornAgain_1979	Billy Preston 	With You I'm Born Again 					
BillySquier_DontSayYouLoveMe_1989	Billy Squier 	Don't Say You Love Me 					
BillySquier_MyKindaLover_1982	Billy Squier 	My Kinda Lover 					
BillySquier_TheStroke_1981	Billy Squier 	The Stroke 		Nat	2017-02-23		Original transcription is written in augmentation (for some reason) and has excess measures at the beginning. Other elements of the chord progressions are also wrong. 
BillySwan_ICanHelp_1974	Billy Swan 	I Can Help 					
BingCrosby_WhiteChristmas_1962	Bing Crosby 	White Christmas 	midi				
BizMarkie_JustAFriend_1990	Biz Markie 	Just A Friend 					
BJThomas_HookedOnAFeeling_1968	B.J. Thomas 	Hooked On A Feeling 	midi				
Blondie_IslandOfLostSouls_1982	Blondie	Island Of Lost Souls 					
BlueCheer_SummertimeBlues_1968	Blue Cheer 	Summertime Blues 	midi				
BobbieGentry_OdeToBillieJoe_1976	Bobbie Gentry 	Ode To Billie Joe 	midi				
BobbiMartin_ILoveYouSo_1965	Bobbi Martin 	I Love You So 					
BobbyBare_DetroitCity_1963	Bobby Bare 	Detroit City 	midi				
BobbyDarin_IfIWereACarpenter_1966	Bobby Darin 	If I Were A Carpenter 	midi				
BobbyWomack_SweetCaroline_1972	Bobby Womack 	Sweet Caroline (Good Times Never Seemed So Good) 					
BobbyWomack_ThatsTheWayIFeelAboutCha_1971	Bobby Womack 	That's The Way I Feel About Cha 					
BobDylan_GottaServeSomebody_1979	Bob Dylan 	Gotta Serve Somebody 					
BobSeger_AgainstTheWind_1980	Bob Seger 	Against The Wind 	midi				
BobSeger_AmericanStorm_1986	Bob Seger 	American Storm 					
BobSeger_EvenNow_1983	Bob Seger 	Even Now 					
BobSeger_NightMoves_1977	Bob Seger 	Night Moves 	midi				
BobSeger_OldTimeRockAndRoll_1979	Bob Seger 	Old Time Rock & Roll 	midi				
BobSeger_RockAndRollNeverForgets_1977	Bob Seger 	Rock And Roll Never Forgets 	midi				
BobSeger_TryinToLiveMyLifeWithoutYou_1981	Bob Seger 	Tryin' To Live My Life Without You 					
BoDiddley_YouCantJudgeABookByTheCover_1962	Bo Diddley 	You Can't Judge A Book By The Cover 					
BonniePointer_HeavenMustHaveSentYou_1979	Bonnie Pointer 	Heaven Must Have Sent You 					
BonnieRaitt_NickOfTime_1990	Bonnie Raitt 	Nick Of Time 	midi				
Boston_Amanda_1986	Boston	Amanda	midi				
Boston_FeelinSatisfied_1979	Boston	Feelin' Satisfied 					
BoyzIIMen_Motownphilly_1991	Boyz II Men 	Motownphilly					
Bread_If_1971	Bread	If	midi				
Bread_SweetSurrender_1972	Bread	Sweet Surrender 	midi				
BrendaLee_AllAloneAmI_1962	Brenda Lee 	All Alone Am I 	midi				
BrendaLee_AsUsual_1964	Brenda Lee 	As Usual 					
BrendaLee_ComingOnStrong_1966	Brenda Lee 	Coming On Strong 					
BrendaLee_DumDum_1961	Brenda Lee 	Dum Dum 	midi				
BrendaLee_EverybodyLovesMeButYou_1962	Brenda Lee 	Everybody Loves Me But You 					
BrendaLee_HeartInHand_1962	Brenda Lee 	Heart In Hand 					
BrendaLee_LosingYou_1963	Brenda Lee 	Losing You 					
BrendaLee_TooManyRivers_1965	Brenda Lee 	Too Many Rivers 	midi				
BrotherJackMcDuff_ThemeFromElectricSurfboard_1969	Brother Jack McDuff 	Theme From Electric Surfboard 					
BrownsvilleStation_SmokinInTheBoysRoom_1973	Brownsville Station 	Smokin' In The Boy's Room 	midi				
BruceChannel_HeyBaby_1962	Bruce Channel 	Hey! Baby 		Dana	2016/01/??		
BuckOwens_IveGotATigerByTheTail_1965	Buck Owens 	I've Got A Tiger By The Tail 	midi				
BuckOwens_ThinkOfMe_1966	Buck Owens 	Think Of Me 					
CandiStaton_YoungHeartsRunFree_1976	Candi Staton 	Young Hearts Run Free 					
CannedHeat_LetsWorkTogether_1970	Canned Heat 	Let's Work Together 					
CannedHeat_OnTheRoadAgain_1968	Canned Heat 	On The Road Again 					
CarlCarlton_EverlastingLove_1974	Carl Carlton 	Everlasting Love 					
CharlieRich_AVerySpecialLoveSong_1974	Charlie Rich 	A Very Special Love Song 	midi				
CharlieRich_BehindClosedDoors_1973	Charlie Rich 	Behind Closed Doors 	midi				
CharlieRich_LonelyWeekends_1960	Charlie Rich 	Lonely Weekends 					
CheapTrick_IWantYouToWantMe_1979	Cheap Trick 	I Want You To Want Me 					
CheapTrick_StopThisGame_1980	Cheap Trick 	Stop This Game 					
CheapTrick_Surrender_1978	Cheap Trick 	Surrender	midi				
Cher_IfICouldTurnBackTime_1989	Cher	If I Could Turn Back Time 	midi				
Cher_JustLikeJesseJames_1989	Cher	Just Like Jesse James 					
Chicago_AliveAgain_1978	Chicago	Alive Again 					
Chicago_AlongComesAWoman_1985	Chicago	Along Comes A Woman 	midi				
Chicago_AnotherRainyDayInNewYorkCity_1976	Chicago	Another Rainy Day In New York City 					
Chicago_DoesAnybodyReallyKnowWhatTimeItIs_1970	Chicago	Does Anybody Really Know What Time It Is? 	midi				
Chicago_FeelinStrongerEveryDay_1973	Chicago	Feelin' Stronger Every Day 	midi				
Chicago_MakeMeSmile_1970	Chicago	Make Me Smile 	midi				
Chicago_OldDays_1975	Chicago	Old Days 	midi				
ChicoDeBarge_TalkToMe_1987	Chico DeBarge 	Talk To Me 					
ChrisKenner_LandOf1000Dances_1963	Chris Kenner 	Land Of 1000 Dances 	midi				
ChuckBerry_AlmostGrown_1959	Chuck Berry 	Almost Grown 	midi				
ChuckBerry_SweetLittleRockAndRoll_1958	Chuck Berry 	Sweet Little Rock And Roll 					
ClarenceCarter_Patches_1970	Clarence Carter 	Patches					
ClarenceCarter_TooWeakToFight_1968	Clarence Carter 	Too Weak To Fight 					
CliffRichard_Carrie_1980	Cliff Richard 	Carrie					
CliffRichard_DaddysHome_1982	Cliff Richard 	Daddy's Home 					
CliffRichard_DevilWoman_1976	Cliff Richard 	Devil Woman 	midi				
CliffRichard_LivingDoll_1959	Cliff Richard 	Living Doll 	midi				
CliffRichard_WeDontTalkAnymore_1979	Cliff Richard 	We Don't Talk Anymore 	midi				
ColorMeBadd_IAdoreMiAmor_1991	Color Me Badd 	I Adore Mi Amor 					
Commodores_Easy_1977	Commodores	Easy	midi				
Commodores_Lady_1981	Commodores	Lady (You Bring Me Up) 					
Commodores_Nightshift_1985	Commodores	Nightshift					
Commodores_Still_1980	Commodores	Still	midi				
Commodores_ThreeTimesALady_1978	Commodores	Three Times A Lady 	midi				
CoreyHart_InYourSoul_1988	Corey Hart 	In Your Soul 					
CorneliusBrothersAndSisterRose_TreatHerLikeALady_1971	Cornelius Brothers & Sister Rose 	Treat Her Like A Lady 					
CountBasie_GoingToChicagoBlues_1958	Count Basie 	Going To Chicago Blues 					
CreedenceClearwaterRevival_IPutASpellOnYou_1968	Creedence Clearwater Revival 	I Put A Spell On You 	midi				
CrosbyStillsAndNash_GotItMade_1989	"Crosby, Stills & Nash "	Got It Made 					
CrosbyStillsAndNash_SouthernCross_1982	"Crosby, Stills & Nash "	Southern Cross 	midi				
CrosbyStillsAndNash_SuiteJudyBlueEyes_1969	"Crosby, Stills & Nash "	Judy Blue Eyes 					
CrosbyStillsAndNash_TeachYourChildren_1970	"Crosby, Stills & Nash "	Teach Your Children 	midi				
CultureClub_IllTumble4Ya_1983	Culture Club 	I'll Tumble 4 Ya 					
CultureClub_KarmaChameleon_1984	Culture Club 	Karma Chameleon 	midi	Dallas (Student)	2019-Spring			
CyndiLauper_AllThroughTheNight_1984	Cyndi Lauper 	All Through The Night 	midi				
CyndiLauper_IDroveAllNight_1989	Cyndi Lauper 	I Drove All Night 	midi				
CyndiLauper_SheBop_1984	Cyndi Lauper 	She Bop 	midi				
CyndiLauper_TheGooniesRGoodEnough_1985	Cyndi Lauper 	The Goonies R Good Enough 		Nat	2017-03-08		Key needs to be changed to C# in some places? 
CyndiLauper_TrueColors_1986	Cyndi Lauper 	True Colors 	midi	Mathew (Student)	2019-Spring				
DarylHallAndJohnOates_KissOnMyList_1981	Daryl Hall & John Oates 	Kiss On My List 					
DarylHallAndJohnOates_Maneater_1983	Daryl Hall & John Oates 	Maneater	midi				
DarylHallAndJohnOates_RichGirl_1977	Daryl Hall & John Oates 	Rich Girl 	midi				
DarylHallAndJohnOates_SaraSmile_1976	Daryl Hall & John Oates 	Sara Smile 	midi				
DaveDudley_SixDaysOnTheRoad_1963	Dave Dudley 	Six Days On The Road 	midi				
DavidBowie_BlueJean_1984	David Bowie 	Blue Jean 	midi	Will Smith (Student)	2019-04-23			
DavidBowie_GoldenYears_1976	David Bowie 	Golden Years 					
DavidBowie_ModernLove_1983	David Bowie 	Modern Love 	midi				
DavidBowie_SpaceOddity_1973	David Bowie 	Space Oddity 	midi				
DavidCrosbyAndGrahamNash_CarryMe_1975	David Crosby & Graham Nash 	Carry Me 					
DavidRuffinAndJimmyRuffin_StandByMe_1970	David Ruffin & Jimmy Ruffin 	Stand By Me 	midi	Nat	2017-02-05	Very hard duet 	
DeanMartin_EverybodyLovesSomebody_1964	Dean Martin 	Everybody Loves Somebody 					
DeanMartin_IWill_1965	Dean Martin 	I Will 					
Debarge_TimeWillReveal_1984	Debarge	Time Will Reveal 					
DeLaSoul_MeMyselfAndI_1989	De La Soul 	Me Myself And I 					
DianaRoss_UpsideDown_1980	Diana Ross 	Upside Down 					
DigitalUnderground_TheHumptyDance_1990	Digital Underground 	The Humpty Dance 					
DinahWashington_Unforgettable_1959	Dinah Washington 	Unforgettable	midi	Dallas (Student)	2019-05-06				
DinahWashington_WhereAreYou_1962	Dinah Washington 	Where Are You 	midi				
Dion_AbrahamMartinAndJohn_1968	Dion	"Abraham, Martin And John "	UPRFB				
Dion_BornToCry_1962	Dion	(I was) Born To Cry 					
Dion_LoveCameToMe_1962	Dion	Love Came To Me 					
Dion_LoversWhoWander_1962	Dion	Lovers Who Wander 	UPRFB				
Dion_RubyBaby_1963	Dion	Ruby Baby 	midi				
Dion_RunaroundSue_1961	Dion	Runaround Sue 	midi				
Dion_ThisLittleGirl_1963	Dion	This Little Girl 					
Dion_WhereOrWhen_1960	Dion	Where Or When 	midi				
DollyParton_BabyImBurnin_1979	Dolly Parton 	Baby I'm Burnin' 					
DollyParton_StartingOverAgain_1980	Dolly Parton 	Starting Over Again 					
DonGibson_SeaOfHeartbreak_1961	Don Gibson 	Sea Of Heartbreak 	midi				
DonnaFargo_Superman_1973	Donna Fargo 	Superman					
DonnaSummer_LastDance_1978	Donna Summer 	Last Dance 	midi				
Donovan_SunshineSuperman_1966	Donovan	Sunshine Superman 	midi				
DottieWest_ALessonInLeavin_1980	Dottie West 	A Lesson In Leavin' 					
DoubleExposure_TenPercent_1976	Double Exposure 	Ten Percent 					
DrHook_IfNotYou_1977	Dr. Hook 	If Not You 					
DrHook_OnlySixteen_1976	Dr. Hook 	Only Sixteen 	midi				
DrHook_SexyEyes_1980	Dr. Hook 	Sexy Eyes 					
DrHook_TheMillionaire_1975	Dr. Hook 	The Millionaire 					
DrHook_WalkRightIn_1977	Dr. Hook 	Walk Right In 					
DrHook_YearsFromNow_1980	Dr. Hook 	Years From Now 					
DrJohn_RightPlaceWrongTime_1973	Dr. John 	Right Place Wrong Time 	midi				
DuranDuran_AllSheWantsIs_1989	Duran Duran 	All She Wants Is 					
DuranDuran_IDontWantYourLove_1989	Duran Duran 	I Don't Want Your Love 					
EarthWindAndFire_AfterTheLoveHasGone_1979	"Earth, Wind & Fire "	After The Love Has Gone 	midi				
EarthWindAndFire_Getaway_1976	"Earth, Wind & Fire "	Getaway					
EddieHolland_Jamie_1962	Eddie Holland 	Jamie					
EddieRabbitt_ILoveARainyNight_1981	Eddie Rabbitt 	I Love A Rainy Night 	midi				
EdgarWinter_Frankenstein_1973	Edgar Winter 	Frankenstein	midi				
EltonJohn_Levon_1971	Elton John 	Levon	midi				
EltonJohn_PhiladelphiaFreedom_1975	Elton John 	Philadelphia Freedom 	midi				
EltonJohn_TheBitchIsBack_1974	Elton John 	The Bitch Is Back 	midi				
EltonJohn_WhoWearsTheseShoes_1984	Elton John 	Who Wears These Shoes? 					
ElvisPresley_AskMe_1964	Elvis Presley 	Ask Me 					
ElvisPresley_ForOlTimesSake_1973	Elvis Presley 	For Ol' Times Sake 					
ElvisPresley_GuitarMan_1968	Elvis Presley 	Guitar Man 	midi				
ElvisPresley_HisLatestFlame_1961	Elvis Presley 	(Marie's the Name) His Latest Flame 	midi				
ElvisPresley_IfICanDream_1968	Elvis Presley 	If I Can Dream 	midi				
ElvisPresley_IReallyDontWantToKnow_1970	Elvis Presley 	I Really Don't Want To Know 					
ElvisPresley_LittleSister_1961	Elvis Presley 	Little Sister 	midi				
ElvisPresley_MyBoy_1975	Elvis Presley 	My Boy 	midi				
ElvisPresley_MyWay_1978	Elvis Presley 	My Way 	midi				
ElvisPresley_MyWishCameTrue_1959	Elvis Presley 	My Wish Came True 					
ElvisPresley_SheThinksIStillCare_1977	Elvis Presley 	She Thinks I Still Care 					
ElvisPresley_ThereGoesMyEverything_1971	Elvis Presley 	There Goes My Everything 					
EmersonLakeAndPalmer_LuckyMan_1971	"Emerson, Lake & Palmer "	Lucky Man 	midi				
EngelbertHumperdinck_AfterTheLovin_1977	Engelbert Humperdinck 	After The Lovin' 	midi				
EricCarmen_HungryEyes_1988	Eric Carmen 	Hungry Eyes (from the film Dirty Dancing) 	midi				
EricCarmen_Sunrise_1976	Eric Carmen 	Sunrise					
EricClapton_ForeverMan_1985	Eric Clapton 	Forever Man 	midi				
EricClapton_ICantStandIt_1981	Eric Clapton 	I Can't Stand It 					
EricClapton_LetItRain_1972	Eric Clapton 	Let It Rain 	midi	Nat	2017-02-07		
EricClapton_Promises_1978	Eric Clapton 	Promises	midi				
EttaJames_FoolThatIAm_1961	Etta James 	Fool That I Am 					
EttaJames_StopTheWedding_1962	Etta James 	Stop The Wedding 					
EttaJames_WouldItMakeAnyDifferenceToYou_1963	Etta James 	Would It Make Any Difference To You 					
EvelynChampagneKing_ImInLove_1981	Evelyn Champagne King 	I'm In Love 					
FatsDomino_IWantToWalkYouHome_1959	Fats Domino 	I Want To Walk You Home 	midi				
Firehouse_DontTreatMeBad_1991	Firehouse	Don't Treat Me Bad 					
FiveManElectricalBand_AbsolutelyRight_1971	Five Man Electrical Band 	Absolutely Right 					
FlattAndScruggs_FoggyMountainBreakdown_1968	Flatt & Scruggs 	Foggy Mountain Breakdown 	midi				
FloydCramer_LastDate_1960	Floyd Cramer 	Last Date 	UPRFB				
Focus_HocusPocus_1973	Focus	Hocus Pocus 	midi				
Foghat_DrivinWheel_1977	Foghat	Drivin' Wheel 					
FourTops_StandingInTheShadowsOfLove_1967	Four Tops 	Standing In The Shadows Of Love 	midi				
FreddieJackson_HaveYouEverLovedSomebody_1987	Freddie Jackson 	Have You Ever Loved Somebody 					
FreddyFender_LivingItDown_1976	Freddy Fender 	Living It Down 					
FreddyFender_SecretLove_1975	Freddy Fender 	Secret Love 	midi				
GaryUSBonds_QuarterToThree_1961	Gary U.S. Bonds 	Quarter To Three 	UPRFB				
GeneralPublic_Tenderness_1984	General Public 	Tenderness					
Genesis_Abacab_1982	Genesis	Abacab	midi	Nat	2017-03-28	It seems the chord transcription is of the album version. The transciption should be edited to match the single version.	Need to add key change(s)
Genesis_InvisibleTouch_1986	Genesis	Invisible Touch 	midi				
Genesis_Misunderstanding_1980	Genesis	Misunderstanding	midi				
Genesis_TonightTonightTonight_1987	Genesis	"Tonight, Tonight, Tonight "	midi				
GeorgeBenson_Breezin_1976	George Benson 	Breezin'	midi				
GeorgeHarrison_AllThoseYearsAgo_1981	George Harrison 	All Those Years Ago 					
GeorgeHarrison_BlowAway_1979	George Harrison 	Blow Away 	midi				
GeorgeHarrison_ThisSong_1977	George Harrison 	This Song 					
GinoVannelli_BlackCars_1985	Gino Vannelli 	Black Cars 					
GinoVannelli_HurtsToBeInLove_1985	Gino Vannelli 	Hurts To Be In Love 					
GinoVannelli_WildHorses_1987	Gino Vannelli 	Wild Horses 					
GladysKnightAndThePips_BabyDontChangeYourMind_1977	Gladys Knight & The Pips 	Baby Don't Change Your Mind 					
GladysKnightAndThePips_BestThingThatEverHappenedToMe_1974	Gladys Knight & The Pips 	Best Thing That Ever Happened To Me 	midi				
GladysKnightAndThePips_IfIWereYourWoman_1971	Gladys Knight & The Pips 	If I Were Your Woman 	midi				
GladysKnightAndThePips_LetterFullOfTears_1962	Gladys Knight & The Pips 	Letter Full Of Tears 					
GlenCampbell_Galveston_1969	Glen Campbell 	Galveston					
GlenCampbell_ItsOnlyMakeBelieve_1970	Glen Campbell 	It's Only Make Believe 					
GlenCampbell_RhinestoneCowboy_1975	Glen Campbell 	Rhinestone Cowboy 	midi				
GlenCampbell_Sunflower_1977	Glen Campbell 	Sunflower					
GlenCampbell_WichitaLineman_1969	Glen Campbell 	Wichita Lineman 	midi				
GoldenEarring_TwilightZone_1983	Golden Earring 	Twilight Zone 					
GordonLightfoot_Beautiful_1972	Gordon Lightfoot 	Beautiful	midi				
GrahamNash_Chicago_1971	Graham Nash 	Chicago					
GrandFunkRailroad_WalkLikeAMan_1973	Grand Funk Railroad 	Walk Like A Man 					
GratefulDead_SugarMagnolia_1973	Grateful Dead 	Sugar Magnolia 					
HarryChapin_SundayMorningSunshine_1972	Harry Chapin 	Sunday Morning Sunshine 					
Heart_CrazyOnYou_1978	Heart	Crazy On You 	midi				
Heart_TheresTheGirl_1988	Heart	There's The Girl 					
HiFive_ILikeTheWay_1991	Hi-Five	I Like The Way (The Kissing Game) 					
HueyLewis_IWantANewDrug_1984	Huey Lewis 	I Want A New Drug 	midi				
IkeAndTinaTurner_ItsGonnaWorkOutFine_1961	Ike & Tina Turner 	It's Gonna Work Out Fine 					
IkeAndTinaTurner_IWantToTakeYouHigher_1970	Ike & Tina Turner 	I Want To Take You Higher 					
INXS_NeedYouTonight_1988	INXS	Need You Tonight 					
IrmaThomas_WishSomeoneWouldCare_1964	Irma Thomas 	Wish Someone Would Care 					
IronButterfly_InAGaddaDaVida_1968	Iron Butterfly 	In-A-Gadda-Da-Vida	midi				
IsaacHayes_DoYourThing_1972	Isaac Hayes 	Do Your Thing 					
IsaacHayes_TheLookOfLove_1971	Isaac Hayes 	The Look Of Love 					
JackieWilson_BabyWorkout_1963	Jackie Wilson 	Baby Workout 	midi				
JacksonBrowne_Boulevard_1980	Jackson Browne 	Boulevard					
JacksonBrowne_HereComeThoseTearsAgain_1977	Jackson Browne 	Here Come Those Tears Again 	midi				
JacksonBrowne_RedneckFriend_1973	Jackson Browne 	Redneck Friend 					
JacksonBrowne_RunningOnEmpty_1978	Jackson Browne 	Running On Empty 	midi				
JamesBrown_BabyYoureRight_1961	James Brown 	"Baby, You're Right "					
JamesBrown_ColdSweatPart1_1967	James Brown 	Cold Sweat - Part 1 	midi				
JamesBrown_DownAndOutInNewYorkCity_1973	James Brown 	Down And Out In New York City 					
JamesBrown_GetUp_1970	James Brown 	Get Up (I Feel Like Being Like A) Sex Machine (Part 1) 	midi	Nat	2017-04-11	Needs more section labels (Verse Chorus etc); One too many measures before bridge?	
JamesBrown_IDontMind_1961	James Brown 	I Don't Mind 					
JamesBrown_IGotYou_1965	James Brown 	I Got You (I Feel Good) 	midi	Nat	2017-02-06	Add measure at beginning 	
JamesBrown_MyThang_1974	James Brown 	My Thang 					
JamesBrown_Think_1973	James Brown 	Think					
JamesTaylor_CountryRoad_1971	James Taylor 	Country Road 	midi				
JanAndDean_SidewalkSurfin_1964	Jan & Dean 	Sidewalk Surfin' 		Hubert	2017-05-14	Many different singers take urn to sing the lead. All transcribed on the same staff.	
JanAndDean_TheAnaheimAzusaAndCucamongaSewingCircleBookReviewAndTimingAssociation_1964	Jan & Dean 	"The Anaheim, Azusa & Cucamonga Sewing Circle, Book Review And Timing Association "					
JanAndDean_TheLittleOldLady_1964	Jan & Dean 	The Little Old Lady (From Pasadena) 	midi				
JanisJoplin_KozmicBlues_1969	Janis Joplin 	Kozmic Blues 					
JeffBeck_PeopleGetReady_1985	Jeff Beck 	People Get Ready 	midi				
JeffersonStarship_CountOnMe_1978	Jefferson Starship 	Count On Me 					
JermaineJackson_LetsGetSerious_1980	Jermaine Jackson 	Let's Get Serious 					
JerryJeffWalker_MrBojangles_1968	Jerry Jeff Walker 	Mr. Bojangles 					
JerryReed_KoKoJoe_1971	Jerry Reed 	Ko-Ko Joe 					
JesusJones_RightHereRightNow_1991	Jesus Jones 	"Right Here, Right Now "					
JethroTull_LivingInThePast_1972	Jethro Tull 	Living In The Past 	midi				
JimiHendrix_Freedom_1971	Jimi Hendrix 	Freedom	midi				
JimmyBuffett_ComeMonday_1974	Jimmy Buffett 	Come Monday 	midi				
JimmyCliff_WonderfulWorldBeautifulPeople_1969	Jimmy Cliff 	"Wonderful World, Beautiful People "					
JimmyJones_HandyMan_1960	Jimmy Jones 	Handy Man 					
JimmyReed_BabyWhatYouWantMeToDo_1960	Jimmy Reed 	Baby What You Want Me To Do 					
JimmyRuffin_IvePassedThisWayBefore_1967	Jimmy Ruffin 	I've Passed This Way Before 					
JimmySmith_WalkOnTheWildSide_1962	Jimmy Smith 	Walk On The Wild Side (Part 1) 		NA	NA	Instrumental Song 	
JoanBaez_ThereButForFortune_1965	Joan Baez 	There But For Fortune 	midi				
JoeCocker_WithALittleHelpFromMyFriends_1968	Joe Cocker 	With A Little Help From My Friends 	midi				
JohnDenver_AnniesSong_1974	John Denver 	Annie's Song 	midi				
JohnDenver_ItAmazesMe_1978	John Denver 	It Amazes Me 					
JohnDenver_RockyMountainHigh_1972	John Denver 	Rocky Mountain High 	midi				
JohnDenver_SeasonsOfTheHeart_1982	John Denver 	Seasons Of The Heart 	midi	Dallas (Student)	2019-Spring				
JohnDenver_SomeDaysAreDiamonds_1981	John Denver 	Some Days Are Diamonds (Some Days Are Stone) 					
JohnnyCash_TheWaysOfAWomanInLove_1958	Johnny Cash 	The Ways Of A Woman In Love 	midi				
JohnnyLee_LookinForLove_1980	Johnny Lee 	Lookin' For Love 	midi				
JohnnyTillotson_IRiseIFall_1964	Johnny Tillotson 	"I Rise, I Fall "					
JohnnyTillotson_ItKeepsRightOnAHurtin_1962	Johnny Tillotson 	It Keeps Right On A-Hurtin' 	midi				
JohnnyTillotson_JimmysGirl_1961	Johnny Tillotson 	Jimmy's Girl 					
JohnnyTillotson_OutOfMyMind_1963	Johnny Tillotson 	Out Of My Mind 					
JohnnyTillotson_TalkBackTremblingLips_1963	Johnny Tillotson 	Talk Back Trembling Lips 					
JohnnyTillotson_WorriedGuy_1964	Johnny Tillotson 	Worried Guy 					
JoniMitchell_BabyIDontCare_1982	Joni Mitchell 	(You're So Square) Baby I Don't Care 	midi				
JoniMitchell_BigYellowTaxi_1975	Joni Mitchell 	Big Yellow Taxi 		Nat	2017-03-22	"The McGill transcription is bizarely wrong. The whole thing is written with 1 measure covering what should be 4 measures, and there are obvious missing chords. The key is also wrong. "	
JuiceNewton_BreakItToMeGently_1982	Juice Newton 	Break It To Me Gently 					
JuiceNewton_QueenOfHearts_1981	Juice Newton 	Queen Of Hearts 	midi	Will Smith (Student)	2019-04-04				
Kaoma_Lambada_1990	Kaoma	Lambada					
KateBush_RunningUpThatHill_1985	Kate Bush 	Running Up That Hill 	midi				
KennyRogers_IDontNeedYou_1981	Kenny Rogers 	I Don't Need You 	midi				
KennyRogers_Lady_1980	Kenny Rogers 	Lady					
KennyRogers_Lucille_1977	Kenny Rogers 	Lucille	midi				
KennyRogers_ScarletFever_1983	Kenny Rogers 	Scarlet Fever 					
KennyRogers_SweetMusicMan_1978	Kenny Rogers 	Sweet Music Man 					
KennyRogers_ThroughTheYears_1981	Kenny Rogers 	Through The Years 	midi				
KennyRogers_YouDecoratedMyLife_1980	Kenny Rogers 	You Decorated My Life 	midi				
KoolAndTheGang_JungleBoogie_1974	Kool & The Gang 	Jungle Boogie 	midi	Nat	2017-03-08		
KrisKristofferson_LovingHerWasEasier_1971	Kris Kristofferson 	Loving Her Was Easier (Than Anything I'll Ever Do Again) 	midi				
LauraBranigan_Gloria_1982	Laura Branigan 	Gloria					
LaVernBaker_ICriedATear_1959	LaVern Baker 	I Cried A Tear 					
LaVernBaker_SeeSeeRider_1963	LaVern Baker 	See See Rider 					
LedZeppelin_TrampledUnderFoot_1975	Led Zeppelin 	Trampled Under Foot 	midi				
LesleyGore_CaliforniaNights_1967	Lesley Gore 	California Nights 					
LesleyGore_YouDontOwnMe_1964	Lesley Gore 	You Don't Own Me 	midi				
Level42_SomethingAboutYou_1986	Level 42 	Something About You 	midi				
LindaRonstadt_WhenWillIBeLoved_1975	Linda Ronstadt 	When Will I Be Loved 	midi				
LittleAnthonyAndTheImperials_OutOfSightOutOfMind_1969	Little Anthony & The Imperials 	"Out Of Sight, Out Of Mind "					
LittleJoeyAndTheFlips_BongoStomp_1962	Little Joey & The Flips 	Bongo Stomp 					
LittleRiverBand_HappyAnniversary_1978	Little River Band 	Happy Anniversary 	midi				
LittleRiverBand_TheOtherGuy_1983	Little River Band 	The Other Guy 					
LittleRiverBand_WeTwo_1983	Little River Band 	We Two 					
LookingGlass_Brandy_1972	Looking Glass 	Brandy (You're A Fine Girl) 	midi				
LosLobos_WillTheWolfSurvive_1985	Los Lobos 	Will The Wolf Survive 					
LouisArmstrong_HelloDolly_1964	Louis Armstrong 	"Hello, Dolly!"	midi	Dallas (Student)	2019-03-31			
LouisPrimaAndKeelySmith_ThatOldBlackMagic_1958	Louis Prima & Keely Smith 	That Old Black Magic 					
Madonna_LiveToTell_1986	Madonna	Live To Tell 	midi				
MarcCohn_WalkingInMemphis_1991	Marc Cohn 	Walking In Memphis 	midi				
MarieOsmond_PaperRoses_1973	Marie Osmond 	Paper Roses 					
MarkyMark_GoodVibrations_1991	Marky Mark 	Good Vibrations 	midi				
MarthaAndTheVandellas_NowhereToRun_1965	Martha & The Vandellas 	Nowhere To Run 					
MartyRobbins_BigIron_1960	Marty Robbins 	Big Iron 					
MartyRobbins_IWalkAlone_1968	Marty Robbins 	I Walk Alone 					
MarvinGaye_IWantYou_1976	Marvin Gaye 	I Want You 	midi				
MarvinGaye_MercyMercyMe_1971	Marvin Gaye 	Mercy Mercy Me (The Ecology) 					
MarvinGayeAndKimWeston_ItTakesTwo_1967	Marvin Gaye & Kim Weston 	It Takes Two 					
MarvinGayeAndTammiTerrell_IfICouldBuildMyWholeWorldAroundYou_1967	Marvin Gaye & Tammi Terrell 	If I Could Build My Whole World Around You 	midi				
MaryMacGregor_TornBetweenTwoLovers_1976	Mary MacGregor 	Torn Between Two Lovers 					
MaxFrostAndTheTroopers_ShapeOfThingsToCome_1968	Max Frost & The Troopers 	Shape Of Things To Come 					
MeatLoaf_ParadiseByTheDashboardLight_1978	Meat Loaf 	Paradise By The Dashboard Light 	midi				
MeatLoaf_YouTookTheWordsRightOutOfMyMouth_1978	Meat Loaf 	You Took The Words Right Out Of My Mouth 	midi				
MelbaMontgomery_NoCharge_1974	Melba Montgomery 	No Charge 					
MelTorme_CominHomeBaby_1962	Mel Torme 	Comin' Home Baby 	midi				
MichaelJackson_HumanNature_1983	Michael Jackson 	Human Nature 					
MichaelJackson_ManInTheMirror_1988	Michael Jackson 	Man In The Mirror 	midi				
MichaelJackson_WannaBeStartinSomethin_1983	Michael Jackson 	Wanna Be Startin' Somethin' 					
MichaelJacksonWithSiedahGarrett_IJustCantStopLovingYou_1987	Michael Jackson With Siedah Garrett 	I Just Can't Stop Loving You 	midi				
MichaelJohnson_AlmostLikeBeingInLove_1978	Michael Johnson 	Almost Like Being In Love 					
MichaelSembello_Maniac_1983	Michael Sembello 	Maniac	midi				
MilliVanilli_BabyDontForgetMyNumber_1989	Milli Vanilli 	Baby Don't Forget My Number 					
MilliVanilli_GirlImGonnaMissYou_1989	Milli Vanilli 	Girl I m Gonna Miss You 					
MilliVanilli_GirlYouKnowItsTrue_1989	Milli Vanilli 	Girl You Know It's True 					
MinnieRiperton_LovinYou_1975	Minnie Riperton 	Lovin' You 					
NakedEyes_AlwaysSomethingThereToRemindMe_1983	Naked Eyes 	Always Something There To Remind Me 					
NancySinatra_TheseBootsAreMadeForWalkin_1966	Nancy Sinatra 	These Boots Are Made For Walkin' 	midi	Nat	2017-05-01		Whole transcription is written half the tempo (2 measures -> 4 meaures); Also the key is wrong! Should be E not F
NatalieCole_IveGotLoveOnMyMind_1977	Natalie Cole 	I've Got Love On My Mind 					
NatalieCole_Unforgettable_1991	Natalie Cole 	Unforgettable	midi				
NatKingCole_RamblinRose_1962	Nat King Cole 	Ramblin' Rose 	midi				
NatKingCole_ThoseLazyHazyCrazyDaysOfSummer_1963	Nat King Cole 	Those Lazy-Hazy-Crazy Days Of Summer 					
NeilSedaka_BreakingUpIsHardToDo_1976	Neil Sedaka 	Breaking Up Is Hard To Do 	midi				
NenehCherry_KissesOnTheWind_1989	Neneh Cherry 	Kisses On The Wind 					
NickGilder_HotChildInTheCity_1978	Nick Gilder 	Hot Child In The City 					
NittyGrittyDirtBand_BuyForMeTheRain_1967	Nitty Gritty Dirt Band 	Buy For Me The Rain 					
NittyGrittyDirtBand_MakeALittleMagic_1980	Nitty Gritty Dirt Band 	Make A Little Magic 					
OakRidgeBoys_Elvira_1981	Oak Ridge Boys 	Elvira	midi				
Ocean_PutYourHandInTheHand_1971	Ocean	Put Your Hand In The Hand 					
Oliver_GoodMorningStarshine_1969	Oliver	Good Morning Starshine 					
OtisRedding_ChainedAndBound_1964	Otis Redding 	Chained And Bound 					
OtisRedding_IveBeenLovingYouTooLong_1965	Otis Redding 	I've Been Loving You Too Long (To Stop Now) 	midi				
PaperLace_TheNightChicagoDied_1974	Paper Lace 	The Night Chicago Died 	midi				
PatBenatar_FireAndIce_1981	Pat Benatar 	Fire And Ice 	midi				
PatBenatar_Heartbreaker_1980	Pat Benatar 	Heartbreaker	midi	Nat	2017-02-07	Instrumental break sections? 	Add rhythmic detail; change key to Eb in bridge 
PatBenatar_LittleTooLate_1983	Pat Benatar 	Little Too Late 					
PatBenatar_LoveIsABattlefield_1983	Pat Benatar 	Love Is A Battlefield 	midi				
PatBenatar_PromisesInTheDark_1981	Pat Benatar 	Promises In The Dark 					
PatrickHernandez_BornToBeAlive_1979	Patrick Hernandez 	Born To Be Alive 	midi				
PaulAnka_LetMeGetToKnowYou_1974	Paul Anka 	Let Me Get To Know You 					
PaulAnka_LoveMeWarmAndTender_1962	Paul Anka 	Love Me Warm And Tender 					
PaulMcCartney_Press_1986	Paul McCartney 	Press					
PaulMcCartney_WithALittleLuck_1978	Paul McCartney 	With A Little Luck 	midi				
PaulSimon_YouCanCallMeAl_1986	Paul Simon 	You Can Call Me Al 	midi				
PeachesAndHerb_ShakeYourGrooveThing_1978	Peaches & Herb 	Shake Your Groove Thing 					
PeggyLee_Fever_1958	Peggy Lee 	Fever	midi				
PeggyLee_IsThatAllThereIs_1969	Peggy Lee 	Is That All There Is 	midi				
PeterGabriel_ShockTheMonkey_1982	Peter Gabriel 	Shock The Monkey 	midi				
PetShopBoys_AlwaysOnMyMind_1988	Pet Shop Boys 	Always On My Mind 	midi				
PetShopBoys_LoveComesQuickly_1986	Pet Shop Boys 	Love Comes Quickly 	midi				
PetShopBoys_WhereTheStreetsHaveNoName_1991	Pet Shop Boys 	Where The Streets Have No Name 					
PinkFloyd_Money_1973	Pink Floyd 	Money	midi				
Player_BabyComeBack_1978	Player	Baby Come Back 	midi				
Poison_UnskinnyBop_1990	Poison	Unskinny Bop 	midi				
Prince_TheArmsOfOrion_1989	Prince (With Sheena Easton) 	The Arms Of Orion 	midi				
PsychedelicFurs_PrettyInPink_1986	Psychedelic Furs 	Pretty In Pink 					
PurePrairieLeague_Amie_1975	Pure Prairie League 	Amie					
Queen_WeAreTheChampions_1978	Queen	We Are The Champions 	midi	Nat	2017-02-24	"Should be 6/8, but is written in 4/4. Key change in chorus! "	B-m chord is B-M. D:maj is D:min 
RandyVanwarmer_JustWhenINeededYouMost_1979	Randy Vanwarmer 	Just When I Needed You Most 					
RareEarth_GetReady_1970	Rare Earth 	Get Ready 	midi				
RayCharles_CryingTime_1965	Ray Charles 	Crying Time 	midi				
RayCharles_EleanorRigby_1968	Ray Charles 	Eleanor Rigby 					
RayCharles_LetsGoGetStoned_1966	Ray Charles 	Let's Go Get Stoned 					
RayCharles_TheRightTime_1959	Ray Charles 	(Night Time Is) The Right Time 					
RayParkerJr_Ghostbusters_1984	Ray Parker Jr. 	Ghostbusters	midi				
RayPrice_ForTheGoodTimes_1970	Ray Price 	For The Good Times 	midi				
RDeanTaylor_IndianaWantsMe_1970	R. Dean Taylor 	Indiana Wants Me 					
Redbone_ComeAndGetYourLove_1974	Redbone	Come And Get Your Love 	midi				
REOSpeedwagon_TimeForMeToFly_1980	REO Speedwagon 	Time For Me To Fly 	midi	Nat	2017-04-21		"Rename sections? Prechorus->Chorus, Chorus->Bridge; Add rhythmic detail to chord"
RickDerringer_RockAndRollHoochieKoo_1974	Rick Derringer 	"Rock And Roll, Hoochie Koo "	midi				
RickJames_GiveItToMeBaby_1981	Rick James 	Give It To Me Baby 					
RickSpringfield_DontTalkToStrangers_1982	Rick Springfield 	Don't Talk To Strangers 					
RickSpringfield_JessiesGirl_1981	Rick Springfield 	Jessie's Girl 					
RitaCoolidge_Fever_1973	Rita Coolidge 	Fever	midi				
RitaCoolidge_HigherAndHigher_1977	Rita Coolidge 	(Your Love Has Lifted Me) Higher And Higher 					
RitaCoolidge_TheWayYouDoTheThingsYouDo_1978	Rita Coolidge 	The Way You Do The Things You Do 					
RitaCoolidge_WereAllAlone_1977	Rita Coolidge 	We're All Alone 	midi				
RobBase_ItTakesTwo_1988	Rob Base 	It Takes Two 					
RobertaFlack_FeelLikeMakinLove_1974	Roberta Flack 	Feel Like Makin' Love 	midi				
RobertaFlackAndDonnyHathaway_YouveGotAFriend_1971	Roberta Flack & Donny Hathaway 	You've Got A Friend 					
RobertJohn_LonelyEyes_1980	Robert John 	Lonely Eyes 					
RobertJohn_SadEyes_1979	Robert John 	Sad Eyes 					
RobertPalmer_AddictedToLove_1986	Robert Palmer 	Addicted To Love 	midi				
RockAndHyde_DirtyWater_1987	Rock And Hyde 	Dirty Water 					
Rockwell_SomebodysWatchingMe_1984	Rockwell	Somebody's Watching Me 					
RodBernard_ThisShouldGoOnForever_1959	Rod Bernard 	This Should Go On Forever 					
RodStewart_MaggieMay_1971	Rod Stewart 	Maggie May 	midi				
RodStewart_TwistinTheNightAway_1987	Rod Stewart 	Twistin' The Night Away (from the film Innerspace) 					
RonnieMilsap_IWouldntHaveMissedItForTheWorld_1981	Ronnie Milsap 	I Wouldn't Have Missed It For The World 					
Roxette_TheLook_1989	Roxette	The Look 	midi	Nat	2017-03-03		
RoxyMusic_DanceAway_1979	Roxy Music 	Dance Away 	midi				
RoyDrusky_ThreeHeartsInATangle_1961	Roy Drusky 	Three Hearts In A Tangle 	midi				
RoyHead_TreatHerRight_1965	Roy Head 	Treat Her Right 					
RoyOrbison_CrySoftlyLonelyOne_1967	Roy Orbison 	Cry Softly Lonely One 					
RunDMC_WalkThisWay_1986	Run-D.M.C.	Walk This Way 					
Sagittarius_MyWorldFellDown_1967	Sagittarius	My World Fell Down 					
SammyHagar_GiveToLive_1987	Sammy Hagar 	Give To Live 					
SammyHagar_ICantDrive55_1984	Sammy Hagar 	I Can't Drive 55 					
Santana_EvilWays_1970	Santana	Evil Ways 	midi	Will Smith (Student)	2019-05-20
SantoAndJohnny_SleepWalk_1959	Santo & Johnny 	Sleep Walk 	midi	NA	NA	Instrumental Song 	
Shannon_LetTheMusicPlay_1984	Shannon	Let The Music Play 					
ShirleyBrown_WomanToWoman_1975	Shirley Brown 	Woman To Woman 					
SimonAndGarfunkel_Cecilia_1970	Simon & Garfunkel 	Cecilia	midi				
SimonAndGarfunkel_ElCondorPasa_1970	Simon & Garfunkel 	El Condor Pasa 	midi				
SimonAndGarfunkel_FakinIt_1967	Simon & Garfunkel 	Fakin' It 					
SimonAndGarfunkel_TheSoundsOfSilence_1965	Simon & Garfunkel 	The Sounds Of Silence 	midi				
SimpleMinds_SanctifyYourself_1986	Simple Minds 	Sanctify Yourself 	midi				
SlyAndTheFamilyStone_HotFunInTheSummertime_1969	Sly & The Family Stone 	Hot Fun In The Summertime 					
SlyAndTheFamilyStone_IWantToTakeYouHigher_1969	Sly & The Family Stone 	I Want To Take You Higher 					
SmokeyRobinson_Cruisin_1980	Smokey Robinson 	Cruisin'					
Snap_ThePower_1990	Snap	The Power 					
SolomonBurke_IfYouNeedMe_1963	Solomon Burke 	If You Need Me 					
SonnyAndCher_ACowboysWorkIsNeverDone_1972	Sonny & Cher 	A Cowboys Work Is Never Done 					
SonnyAndCher_BabyDontGo_1965	Sonny & Cher 	Baby Don't Go 					
SpandauBallet_True_1983	Spandau Ballet 	TRUE					
StephanieMills_NeverKnewLoveLikeThisBefore_1980	Stephanie Mills 	Never Knew Love Like This Before 	midi				
SteveMillerBand_TheJoker_1973	Steve Miller Band 	The Joker 	midi				
SteveWinwood_BackInTheHighLifeAgain_1987	Steve Winwood 	Back In The High Life Again 					
SteveWinwood_DontYouKnowWhatTheNightCanDo_1988	Steve Winwood 	Don't You Know What The Night Can Do? 					
StevieB_BecauseILoveYou_1991	Stevie B 	Because I Love You (The Postman Song) 					
StevieWonder_DoIDo_1982	Stevie Wonder 	Do I Do 					
StevieWonder_HigherGround_1973	Stevie Wonder 	Higher Ground 	midi				
StevieWonder_IfYouReallyLoveMe_1971	Stevie Wonder 	If You Really Love Me 					
StevieWonder_ThatGirl_1982	Stevie Wonder 	That Girl 					
Sting_AllThisTime_1991	Sting	All This Time 	midi			Half-way there. It's pretty hard. Will continue later. 	
Sting_IfYouLoveSomebodySetThemFree_1985	Sting	If You Love Somebody Set Them Free 	midi				
StrayCats_IWontStandInYourWay_1983	Stray Cats 	I Won't Stand In Your Way 					
StrayCats_RockThisTown_1982	Stray Cats 	Rock This Town 					
SwinginMedallions_DoubleShot_1966	Swingin' Medallions 	Double Shot (Of My Baby's Love) 					
Switch_TherellNeverBe_1978	Switch	There'll Never Be 					
TalkingHeads_AndSheWas_1985	Talking Heads 	And She Was 	midi				
TalkingHeads_BurningDownTheHouse_1983	Talking Heads 	Burning Down The House 	midi				
TanyaTucker_HeresSomeLove_1976	Tanya Tucker 	Here's Some Love 					
TeddyPendergrass_IDontLoveYouAnymore_1977	Teddy Pendergrass 	I Don't Love You Anymore 					
TenYearsAfter_IdLoveToChangeTheWorld_1971	Ten Years After 	I'd Love To Change The World 					
TevinCampbell_TellMeWhatYouWantMeToDo_1991	Tevin Campbell 	Tell Me What You Want Me To Do 					
The5thDimension_GoWhereYouWannaGo_1967	The 5th Dimension 	Go Where You Wanna Go 					
The5thDimension_IDidntGetToSleepAtAll_1972	The 5th Dimension 	(Last Night) I Didn't Get To Sleep At All 					
The5thDimension_IfICouldReachYou_1972	The 5th Dimension 	If I Could Reach You 	midi	Mathew (Student)	2019-Spring			
The5thDimension_NeverMyLove_1971	The 5th Dimension 	Never My Love 					
The5thDimension_OneLessBellToAnswer_1971	The 5th Dimension 	One Less Bell To Answer 	midi				
TheAlanParsonsProject_EyeInTheSky_1982	The Alan Parsons Project 	Eye In The Sky 	midi				
TheAllmanBrothersBand_StraightFromTheHeart_1981	The Allman Brothers Band 	Straight From The Heart 					
TheAmboyDukes_JourneyToTheCenterOfTheMind_1968	The Amboy Dukes 	Journey To The Center Of The Mind 					
TheAnimals_SanFranciscanNights_1967	The Animals 	San Franciscan Nights 					
TheBabys_EveryTimeIThinkOfYou_1979	The Babys 	Every Time I Think Of You 					
TheBand_LifeIsACarnival_1971	The Band 	Life Is A Carnival 					
TheBeachBoys_BluebirdsOverTheMountain_1969	The Beach Boys 	Bluebirds Over The Mountain 					
TheBeachBoys_SailOnSailor_1975	The Beach Boys 	Sail On Sailor 					
TheBeachBoys_StillCruisin_1989	The Beach Boys 	Still Cruisin 					
TheBeachBoys_SurfinSafari_1962	The Beach Boys 	Surfin' Safari 	midi				
TheBeachBoys_Wendy_1964	The Beach Boys 	Wendy					
TheBeatles_ComeTogether_1969	The Beatles 	Come Together 	midi				
TheBeatles_DoYouWantToKnowASecret_1964	The Beatles 	Do You Want To Know A Secret 	midi				
TheBeatles_IDontWantToSpoilTheParty_1965	The Beatles 	I Don't Want To Spoil The Party 	midi				
TheBeatles_ShesAWoman_1964	The Beatles 	She's A Woman 	midi				
TheBoxTops_CryLikeABaby_1968	The Box Tops 	Cry Like A Baby 					
TheBoys_DialMyHeart_1988	The Boys 	Dial My Heart 					
TheBuckinghams_KindOfADrag_1967	The Buckinghams 	Kind Of A Drag 	midi				
TheByrds_EightMilesHigh_1966	The Byrds 	Eight Miles High 	midi				
TheByrds_GoinBack_1967	The Byrds 	Goin' Back 					
TheCastaways_LiarLiar_1965	The Castaways 	"Liar, Liar "					
TheChiffons_HesSoFine_1963	The Chiffons 	He's So Fine 	midi	Nat	2017-02-21	"Subsections of ""Verse""? "	
TheChiffons_SweetTalkinGuy_1966	The Chiffons 	Sweet Talkin' Guy 					
TheContours_DoYouLoveMe_1988	The Contours 	Do You Love Me 	midi				
TheCowsills_Hair_1969	The Cowsills 	Hair					
TheCowsills_SilverThreadsAndGoldenNeedles_1969	The Cowsills 	Silver Threads And Golden Needles 					
TheCrystals_TheresNoOther_1961	The Crystals 	There's No Other (Like My Baby) 					
TheCure_JustLikeHeaven_1988	The Cure 	Just Like Heaven 	midi				
TheDoobieBrothers_EchoesOfLove_1977	The Doobie Brothers 	Echoes Of Love 					
TheDoors_RidersOnTheStorm_1971	The Doors 	Riders On The Storm 	midi	Nat	2017-02-26	"A/E in opening? Passing Bm chords, not just DM? "	
TheDramatics_HeyYouGetOffMyMountain_1973	The Dramatics 	Hey You! Get Off My Mountain 					
TheDrifters_OnBroadway_1963	The Drifters 	On Broadway 	midi				
TheEagles_AlreadyGone_1974	The Eagles 	Already Gone 	midi				
TheEagles_BestOfMyLove_1975	The Eagles 	Best Of My Love 	midi				
TheEagles_TheLongRun_1980	The Eagles 	The Long Run 	midi				
TheElectricPrunes_IHadTooMuchToDream_1967	The Electric Prunes 	I Had Too Much To Dream (Last Night) 	midi	Mathew (Student)	2019-Spring
TheEverlyBrothers_BirdDog_1958	The Everly Brothers 	Bird Dog 	midi	Dallas (Student)	2019-Spring		
TheEverlyBrothers_EbonyEyes_1961	The Everly Brothers 	Ebony Eyes 	midi				
TheEverlyBrothers_OnTheWingsOfANightingale_1984	The Everly Brothers 	On The Wings Of A Nightingale 					
TheFabulousThunderbirds_TuffEnuff_1986	The Fabulous Thunderbirds 	Tuff Enuff 	midi				
TheFalcons_IFoundALove_1962	The Falcons 	I Found A Love 					
TheFireballs_SugarShack_1963	The Fireballs 	Sugar Shack 	UPRFB				
TheGregKihnBand_HappyMan_1982	The Greg Kihn Band 	Happy Man 					
TheGregKihnBand_Lucky_1985	The Greg Kihn Band 	Lucky					
TheHollies_LongDarkRoad_1972	The Hollies 	Long Dark Road 					
TheIsleyBrothers_ItsYourThing_1969	The Isley Brothers 	It's Your Thing 					
TheJacksons_DancingMachine_1974	The Jacksons 	Dancing Machine 					
TheJacksons_IWantYouBack_1969	The Jacksons 	I Want You Back 	midi				
TheJGeilsBand_FreezeFrame_1982	The J. Geils Band 	Freeze-Frame	midi				
TheJGeilsBand_JustCantWait_1980	The J. Geils Band 	Just Can't Wait 					
TheJGeilsBand_LookingForALove_1972	The J. Geils Band 	Looking For A Love 					
TheJGeilsBand_MustOfGotLost_1974	The J. Geils Band 	Must Of Got Lost 					
TheJGeilsBand_OneLastKiss_1978	The J. Geils Band 	One Last Kiss 					
TheKendalls_HeavensJustASinAway_1977	The Kendalls 	Heaven's Just A Sin Away 	midi				
TheKinks_TillTheEndOfTheDay_1966	The Kinks 	Till The End Of The Day 	midi				
ThelmaHouston_DontLeaveMeThisWay_1977	Thelma Houston 	Don't Leave Me This Way 	midi				
TheMeters_LookKaPyPy_1970	The Meters 	Look-Ka Py Py 		Nat	2017-04-10		
TheMiracles_BabyBabyDontCry_1969	The Miracles 	"Baby, Baby Don't Cry "					
TheMiracles_ISecondThatEmotion_1968	The Miracles 	I Second That Emotion 	midi				
TheMiracles_MightyGoodLovin_1961	The Miracles 	Mighty Good Lovin' 					
TheMoments_WalkRightIn_1963	The Moments 	Walk Right In 	midi				
TheMusicExplosion_LittleBitOSoul_1967	The Music Explosion 	Little Bit O' Soul 					
TheMusicMachine_ThePeopleInMe_1967	The Music Machine 	The People In Me 					
TheOJays_LoveTrain_1973	The O'Jays 	Love Train 					
TheOsmonds_OneBadApple_1971	The Osmonds 	One Bad Apple 	midi				
ThePointerSisters_HesSoShy_1980	The Pointer Sisters 	He's So Shy 					
ThePointerSisters_Jump_1984	The Pointer Sisters 	Jump (for My Love) 	midi				
ThePolice_EveryLittleThingSheDoesIsMagic_1981	The Police 	Every Little Thing She Does Is Magic 	midi				
ThePolice_SpiritsInTheMaterialWorld_1982	The Police 	Spirits In The Material World 					
ThePowerStation_SomeLikeItHot_1985	The Power Station 	Some Like It Hot 					
TheRembrandts_Someone_1991	The Rembrandts 	Someone		Nat	2017-02-22	"Key change for guitar solo?; C#/F chord in chorus, really just F major? "	
TheRighteousBrothers_UnchainedMelody_1965	The Righteous Brothers 	Unchained Melody 	midi	Gary	2016-01-20	"Gosh tootin' melismas! I finished this before we discussed style, so it's probably over-rhythmed.. "
TheRitchieFamily_TheBestDiscoInTown_1976	The Ritchie Family 	The Best Disco In Town 					
TheRobertCrayBand_SmokingGun_1987	The Robert Cray Band 	Smoking Gun 					
TheRollingStones_Dandelion_1967	The Rolling Stones 	Dandelion	midi				
TheRollingStones_DooDooDooDooDoo_1974	The Rolling Stones 	Doo Doo Doo Doo Doo (Heartbreaker) 	midi				
TheRollingStones_GoingToAGoGo_1982	The Rolling Stones 	Going To A Go-Go 					
TheRollingStones_HaveYouSeenYourMotherBabyStandingInTheShadow_1966	The Rolling Stones 	"Have You Seen Your Mother, Baby, Standing In The Shadow? "					
TheRollingStones_ItsOnlyRockNRoll_1974	The Rolling Stones 	It's Only Rock 'N Roll (But I Like It) 	midi				
TheRollingStones_NotFadeAway_1964	The Rolling Stones 	Not Fade Away 	midi				
TheRollingStones_TumblingDice_1972	The Rolling Stones 	Tumbling Dice 	midi				
TheRollingStones_WaitingOnAFriend_1982	The Rolling Stones 	Waiting On A Friend 	midi				
TheRonettes_BeMyBaby_1963	The Ronettes 	Be My Baby 	midi	Nat	2017-03-06	Prechorus is mislabelled Bridge 	
TheShirelles_WillYouLoveMeTomorrow_1961	The Shirelles 	Will You Love Me Tomorrow 	midi				
TheSopwithCamel_HelloHello_1967	The Sopwith Camel 	Hello Hello 					
TheStapleSingers_CityInTheSky_1974	The Staple Singers 	City In The Sky 					
TheStapleSingers_IllTakeYouThere_1972	The Staple Singers 	I'll Take You There 	midi				
TheStringALongs_Wheels_1961	The String-A-Longs 	Wheels	midi				
TheSupremes_FloyJoy_1972	The Supremes 	Floy Joy 					
TheSupremes_StonedLove_1970	The Supremes 	Stoned Love 					
TheTeeSet_MaBelleAmie_1970	The Tee Set 	Ma Belle Amie 					
TheTemptations_AintTooProudToBeg_1966	The Temptations 	Ain't Too Proud To Beg 	midi				
TheTemptations_IWishItWouldRain_1968	The Temptations 	I Wish It Would Rain 	midi				
TheTrammps_DiscoInferno_1977	The Trammps 	Disco Inferno 	midi	Nat	2017-05-12		
TheVentures_Perfidia_1960	The Ventures 	Perfidia	midi				"""Chorus"" relabbeled ""Verse"", 'Verse' relabbeled 'Bridge' (it's AABA) "
TheWho_HappyJack_1967	The Who 	Happy Jack 		Nat	2017-05-01	Relabel sections Verse and Bridge (AABA)	Change whole thing to half-time?
TheYardbirds_HeartFullOfSoul_1965	The Yardbirds 	Heart Full Of Soul 	midi				
TheYardbirds_ShapesOfThings_1966	The Yardbirds 	Shapes Of Things 					
TheYoungbloods_GetTogether_1969	The Youngbloods 	Get Together 					
TinaTurner_PrivateDancer_1985	Tina Turner 	Private Dancer 	midi				
TinaTurner_TheBest_1989	Tina Turner 	The Best 	midi				
TinaTurner_WeDontNeedAnotherHero_1985	Tina Turner 	We Don't Need Another Hero (Thunderdome) 	midi				
TinaTurner_WhatYouGetIsWhatYouSee_1987	Tina Turner 	What You Get Is What You See 					
ToddRundgren_ADreamGoesOnForever_1974	Todd Rundgren 	A Dream Goes On Forever 					
ToddRundgren_CanWeStillBeFriends_1978	Todd Rundgren 	Can We Still Be Friends 					
TommyJames_CrystalBluePersuasion_1969	Tommy James 	Crystal Blue Persuasion 	midi				
TommyJames_MonyMony_1968	Tommy James 	Mony Mony 	midi				
TomTHall_ILove_1973	Tom T. Hall 	I Love 	midi				
TomTHall_TheYearThatClaytonDelaneyDied_1971	Tom T. Hall 	The Year That Clayton Delaney Died 					
TracieSpencer_ThisHouse_1990	Tracie Spencer 	This House 					
TracyChapman_BabyCanIHoldYou_1989	Tracy Chapman 	Baby Can I Hold You 	midi				
UB40_RedRedWine_1984	UB40	Red Red Wine 	midi	Nat	2017-04-24	"I'm not sure about whether the repeated motive ends on beat three, or just before it (what I've notated)"	"Rename sections to reflect AABA form?; I believe they transcribed the wrong version...the 1983/1984 single version is only about 3:40 seconds, with no toast in the middle."
UB40_TheWayYouDoTheThingsYouDo_1990	UB40	The Way You Do The Things You Do 					
UrbanDanceSquad_DeeperShadeOfSoul_1991	Urban Dance Squad 	Deeper Shade Of Soul 					
WangChung_DanceHallDays_1984	Wang Chung 	Dance Hall Days 					
WaylonJennings_AreYouSureHankDoneItThisWay_1975	Waylon Jennings 	Are You Sure Hank Done It This Way 					
WaylonJennings_ThemeFromTheDukesOfHazzard_1980	Waylon Jennings 	Theme From The Dukes Of Hazzard (Good Ol' Boys) 	midi				
Wednesday_LastKiss_1974	Wednesday	Last Kiss 	midi	Mathew (Student)	2019-Spring
WildCherry_PlayThatFunkyMusic_1976	Wild Cherry 	Play That Funky Music 	midi				
WillieMitchell_2075_1964	Willie Mitchell 	20-75					
WillieNelson_BlueEyesCryingInTheRain_1975	Willie Nelson 	Blue Eyes Crying In The Rain 					
WilsonPhillips_HoldOn_1990	Wilson Phillips 	Hold On 	midi				
WilsonPickett_DontKnockMyLovePt1_1971	Wilson Pickett 	Don't Knock My Love - Pt. 1 					
WilsonPickett_IFoundATrueLove_1968	Wilson Pickett 	I Found A True Love 					
WilsonPickett_ImInLove_1967	Wilson Pickett 	I'm In Love 					
WilsonPickett_InTheMidnightHour_1965	Wilson Pickett 	In The Midnight Hour 	midi		In progress 		
WilsonPickett_SoulDanceNumberThree_1967	Wilson Pickett 	Soul Dance Number Three 					
Yaz_Situation_1982	Yaz	Situation	midi				
YoungMC_BustAMove_1990	Young MC 	Bust A Move 					
YvonneElliman_IfICantHaveYou_1978	Yvonne Elliman 	If I Can't Have You 	midi				
ZZTop_LaGrange_1974	ZZ Top 	La Grange 	midi			"almost no singing in this one. (Hubert: I think we should only transcribe the verse that starts with ""Well, I hear it's fine..."". The rest could be indicated as spoken) "	
