Corpus	Filename	Artist	Title	Year	Melody	Harmony	Lyrics
Billboard	ABBA_Chiquitita_1979	ABBA	Chiquitita	1979	TRUE	TRUE	TRUE
Billboard	ABBA_Fernando_1976	ABBA	Fernando	1976	FALSE	TRUE	FALSE
Billboard	ABBA_HoneyHoney_1974	ABBA	Honey, Honey	1974	TRUE	TRUE	TRUE
Billboard	ABBA_KnowingMeKnowingYou_1977	ABBA	Knowing Me, Knowing You	1977	FALSE	TRUE	FALSE
Billboard	ABBA_OnAndOnAndOn_1981	ABBA	On And On And On	1981	FALSE	TRUE	FALSE
Billboard	ABBA_TakeAChanceOnMe_1978	ABBA	Take A Chance On Me	1978	FALSE	TRUE	FALSE
Billboard	ATasteOfHoney_Sukiyaki_1981	A Taste Of Honey	Sukiyaki	1981	FALSE	TRUE	FALSE
Billboard	AaronNeville_TellItLikeItIs_1966	Aaron Neville	Tell It Like It Is	1966	FALSE	TRUE	FALSE
Billboard	Aerosmith_LastChild_1976	Aerosmith	Last Child	1976	FALSE	TRUE	FALSE
Billboard	AlGreen_OhMeOhMy_1975	Al Green	Oh Me, Oh My (Dreams In My Arms)	1975	TRUE	TRUE	TRUE
Billboard	Alabama_TakeMeDown_1982	Alabama	Take Me Down	1982	FALSE	TRUE	FALSE
Billboard	AlanODay_UndercoverAngel_1977	Alan O'Day	Undercover Angel	1977	FALSE	TRUE	FALSE
Billboard	AliceCooper_HeyStoopid_1991	Alice Cooper	Hey Stoopid	1991	FALSE	TRUE	FALSE
Billboard	AliceCooper_SchoolsOut_1972	Alice Cooper	School's Out	1972	TRUE	TRUE	TRUE
Billboard	AndyGibb_ShadowDancing_1978	Andy Gibb	Shadow Dancing	1978	TRUE	TRUE	TRUE
Billboard	AnitaBaker_CaughtUpInTheRapture_1987	Anita Baker	Caught Up In The Rapture	1987	TRUE	TRUE	TRUE
Billboard	AnitaBaker_GivingYouTheBestThatIGot_1989	Anita Baker	Giving You The Best That I Got	1989	FALSE	TRUE	FALSE
Billboard	AnitaBaker_SweetLove_1986	Anita Baker	Sweet Love	1986	TRUE	TRUE	TRUE
Billboard	AnnPeebles_ICantStandTheRain_1973	Ann Peebles	I Can't Stand The Rain	1973	FALSE	TRUE	FALSE
Billboard	AnneMurray_CouldIHaveThisDance_1980	Anne Murray	Could I Have This Dance	1980	TRUE	TRUE	TRUE
Billboard	AnneMurray_DaydreamBeliever_1980	Anne Murray	Daydream Believer	1980	FALSE	TRUE	FALSE
Billboard	AnneMurray_LoveSong_1974	Anne Murray	Love Song	1974	TRUE	TRUE	TRUE
Billboard	ArethaFranklin_ChainOfFools_1967	Aretha Franklin	Chain Of Fools	1967	FALSE	TRUE	FALSE
Billboard	ArethaFranklin_INeverLovedAMan_1967	Aretha Franklin	I Never Loved A Man (The Way I Love You)	1967	FALSE	TRUE	FALSE
Billboard	ArethaFranklin_OhMeOhMy_1972	Aretha Franklin	Oh Me Oh My (I'm A Fool For You Baby)	1972	FALSE	TRUE	FALSE
Billboard	ArthurConley_SweetSoulMusic_1967	Arthur Conley	Sweet Soul Music	1967	FALSE	TRUE	FALSE
Billboard	BBKing_HowBlueCanYouGet_1964	B.B. King	How Blue Can You Get	1964	FALSE	TRUE	FALSE
Billboard	BBKing_TheThrillIsGone_1970	B.B. King	The Thrill Is Gone	1970	FALSE	TRUE	FALSE
Billboard	BJThomas_HookedOnAFeeling_1968	B.J. Thomas	Hooked On A Feeling	1968	FALSE	TRUE	FALSE
Billboard	BachmanTurnerOverdrive_Heartaches_1979	Bachman-Turner Overdrive	Heartaches	1979	FALSE	TRUE	FALSE
Billboard	BachmanTurnerOverdrive_RollOnDownTheHighway_1975	Bachman-Turner Overdrive	Roll On Down The Highway	1975	TRUE	TRUE	TRUE
Billboard	BadCompany_RockNRollFantasy_1979	Bad Company	Rock 'N' Roll Fantasy	1979	FALSE	TRUE	FALSE
Billboard	Badfinger_MaybeTomorrow_1969	Badfinger	Maybe Tomorrow	1969	FALSE	TRUE	FALSE
Billboard	Baltimora_TarzanBoy_1986	Baltimora	Tarzan Boy (from the film Teenage Mutant Ninja Turtles III)	1986	FALSE	TRUE	FALSE
Billboard	Bananarama_ATrickOfTheNight_1987	Bananarama	A Trick Of The Night	1987	FALSE	TRUE	FALSE
Billboard	Bananarama_Venus_1986	Bananarama	Venus	1986	TRUE	TRUE	TRUE
Billboard	BarbaraLewis_HelloStranger_1963	Barbara Lewis	Hello Stranger	1963	FALSE	TRUE	FALSE
Billboard	BarbraStreisand_FunnyGirl_1964	Barbra Streisand	Funny Girl	1964	FALSE	TRUE	FALSE
Billboard	BarbraStreisand_People_1964	Barbra Streisand	People	1964	FALSE	TRUE	FALSE
Billboard	BarryWhite_YoureTheFirstTheLastMyEverything_1974	Barry White	You're The First, The Last, My Everything	1974	FALSE	TRUE	FALSE
Billboard	BayCityRollers_SaturdayNight_1975	Bay City Rollers	Saturday Night	1975	FALSE	TRUE	FALSE
Billboard	BeastieBoys_BrassMonkey_1987	Beastie Boys	Brass Monkey	1987	FALSE	TRUE	FALSE
Billboard	BenEKing_Amor_1961	Ben E. King	Amor	1961	FALSE	TRUE	FALSE
Billboard	BerthaTillman_OhMyAngel_1962	Bertha Tillman	Oh My Angel	1962	FALSE	TRUE	FALSE
Billboard	BetteMidler_TheRose_1980	Bette Midler	The Rose	1980	FALSE	TRUE	FALSE
Billboard	BillWithers_AintNoSunshine_1971	Bill Withers	Ain't No Sunshine	1971	FALSE	TRUE	FALSE
Billboard	BillWithers_LovelyDay_1978	Bill Withers	Lovely Day	1978	FALSE	TRUE	FALSE
Billboard	BillyIdol_CatchMyFall_1985	Billy Idol	Catch My Fall	1985	FALSE	TRUE	FALSE
Billboard	BillyIdol_FleshForFantasy_1984	Billy Idol	Flesh For Fantasy	1984	FALSE	TRUE	FALSE
Billboard	BillyIdol_HotInTheCity_1982	Billy Idol	Hot In The City	1982	FALSE	TRUE	FALSE
Billboard	BillyIdol_RebelYell_1984	Billy Idol	Rebel Yell	1984	TRUE	TRUE	TRUE
Billboard	BillyIdol_WhiteWedding_1983	Billy Idol	White Wedding	1983	TRUE	TRUE	TRUE
Billboard	BillyJoel_AnInnocentMan_1984	Billy Joel	An Innocent Man	1984	FALSE	TRUE	FALSE
Billboard	BillyJoel_DontAskMeWhy_1980	Billy Joel	Don't Ask Me Why	1980	TRUE	TRUE	TRUE
Billboard	BillyJoel_JustTheWayYouAre_1978	Billy Joel	Just The Way You Are	1978	FALSE	TRUE	FALSE
Billboard	BillyJoel_Pressure_1983	Billy Joel	Pressure	1983	FALSE	TRUE	FALSE
Billboard	BillyPreston_WithYouImBornAgain_1979	Billy Preston	With You I'm Born Again	1979	FALSE	TRUE	FALSE
Billboard	BillySquier_DontSayYouLoveMe_1989	Billy Squier	Don't Say You Love Me	1989	FALSE	TRUE	FALSE
Billboard	BillySquier_MyKindaLover_1982	Billy Squier	My Kinda Lover	1982	FALSE	TRUE	FALSE
Billboard	BillySquier_TheStroke_1981	Billy Squier	The Stroke	1981	TRUE	TRUE	TRUE
Billboard	BillySwan_ICanHelp_1974	Billy Swan	I Can Help	1974	FALSE	TRUE	FALSE
Billboard	BingCrosby_SilentNight_1960	Bing Crosby	Silent Night	1960	TRUE	TRUE	TRUE
Billboard	BingCrosby_WhiteChristmas_1962	Bing Crosby	White Christmas	1962	TRUE	TRUE	TRUE
Billboard	BizMarkie_JustAFriend_1990	Biz Markie	Just A Friend	1990	TRUE	TRUE	TRUE
Billboard	Blondie_IslandOfLostSouls_1982	Blondie	Island Of Lost Souls	1982	FALSE	TRUE	FALSE
Billboard	Blondie_OneWayOrAnother_1979	Blondie	One Way Or Another	1979	TRUE	TRUE	TRUE
Billboard	BlueCheer_SummertimeBlues_1968	Blue Cheer	Summertime Blues	1968	FALSE	TRUE	FALSE
Billboard	BoDiddley_YouCantJudgeABookByTheCover_1962	Bo Diddley	You Can't Judge A Book By The Cover	1962	FALSE	TRUE	FALSE
Billboard	BobDylan_GottaServeSomebody_1979	Bob Dylan	Gotta Serve Somebody	1979	FALSE	TRUE	FALSE
Billboard	BobSeger_AgainstTheWind_1980	Bob Seger	Against The Wind	1980	FALSE	TRUE	FALSE
Billboard	BobSeger_AmericanStorm_1986	Bob Seger	American Storm	1986	FALSE	TRUE	FALSE
Billboard	BobSeger_EvenNow_1983	Bob Seger	Even Now	1983	FALSE	TRUE	FALSE
Billboard	BobSeger_LikeARock_1986	Bob Seger	Like A Rock	1986	TRUE	TRUE	TRUE
Billboard	BobSeger_NightMoves_1977	Bob Seger	Night Moves	1977	FALSE	TRUE	FALSE
Billboard	BobSeger_OldTimeRockAndRoll_1979	Bob Seger	Old Time Rock & Roll	1979	FALSE	TRUE	FALSE
Billboard	BobSeger_RockAndRollNeverForgets_1977	Bob Seger	Rock And Roll Never Forgets	1977	FALSE	TRUE	FALSE
Billboard	BobSeger_TryinToLiveMyLifeWithoutYou_1981	Bob Seger	Tryin' To Live My Life Without You	1981	FALSE	TRUE	FALSE
Billboard	BobbiMartin_ILoveYouSo_1965	Bobbi Martin	I Love You So	1965	FALSE	TRUE	FALSE
Billboard	BobbieGentry_OdeToBillieJoe_1976	Bobbie Gentry	Ode To Billie Joe	1976	FALSE	TRUE	FALSE
Billboard	BobbyBare_DetroitCity_1963	Bobby Bare	Detroit City	1963	FALSE	TRUE	FALSE
Billboard	BobbyDarin_IfIWereACarpenter_1966	Bobby Darin	If I Were A Carpenter	1966	FALSE	TRUE	FALSE
Billboard	BobbyWomack_SweetCaroline_1972	Bobby Womack	Sweet Caroline (Good Times Never Seemed So Good)	1972	FALSE	TRUE	FALSE
Billboard	BobbyWomack_ThatsTheWayIFeelAboutCha_1971	Bobby Womack	That's The Way I Feel About Cha	1971	FALSE	TRUE	FALSE
Billboard	BonniePointer_HeavenMustHaveSentYou_1979	Bonnie Pointer	Heaven Must Have Sent You	1979	FALSE	TRUE	FALSE
Billboard	BonnieRaitt_NickOfTime_1990	Bonnie Raitt	Nick Of Time	1990	FALSE	TRUE	FALSE
Billboard	Boston_Amanda_1986	Boston	Amanda	1986	FALSE	TRUE	FALSE
Billboard	Boston_FeelinSatisfied_1979	Boston	Feelin' Satisfied	1979	FALSE	TRUE	FALSE
Billboard	BoyzIIMen_Motownphilly_1991	Boyz II Men	Motownphilly	1991	FALSE	TRUE	FALSE
Billboard	Bread_If_1971	Bread	If	1971	FALSE	TRUE	FALSE
Billboard	Bread_SweetSurrender_1972	Bread	Sweet Surrender	1972	FALSE	TRUE	FALSE
Billboard	BrendaLee_AllAloneAmI_1962	Brenda Lee	All Alone Am I	1962	FALSE	TRUE	FALSE
Billboard	BrendaLee_AsUsual_1964	Brenda Lee	As Usual	1964	FALSE	TRUE	FALSE
Billboard	BrendaLee_ComingOnStrong_1966	Brenda Lee	Coming On Strong	1966	FALSE	TRUE	FALSE
Billboard	BrendaLee_DumDum_1961	Brenda Lee	Dum Dum	1961	FALSE	TRUE	FALSE
Billboard	BrendaLee_EverybodyLovesMeButYou_1962	Brenda Lee	Everybody Loves Me But You	1962	FALSE	TRUE	FALSE
Billboard	BrendaLee_HeartInHand_1962	Brenda Lee	Heart In Hand	1962	FALSE	TRUE	FALSE
Billboard	BrendaLee_LosingYou_1963	Brenda Lee	Losing You	1963	FALSE	TRUE	FALSE
Billboard	BrendaLee_SweetNothins_1960	Brenda Lee	Sweet Nothin's	1960	TRUE	TRUE	TRUE
Billboard	BrendaLee_TooManyRivers_1965	Brenda Lee	Too Many Rivers	1965	FALSE	TRUE	FALSE
Billboard	BrotherJackMcDuff_ThemeFromElectricSurfboard_1969	Brother Jack McDuff	Theme From Electric Surfboard	1969	FALSE	TRUE	FALSE
Billboard	BrownsvilleStation_SmokinInTheBoysRoom_1973	Brownsville Station	Smokin' In The Boy's Room	1973	FALSE	TRUE	FALSE
Billboard	BruceChannel_HeyBaby_1962	Bruce Channel	Hey! Baby	1962	TRUE	TRUE	TRUE
Billboard	BruceSpringsteen_ImGoinDown_1985	Bruce Springsteen	I'm Goin' Down	1985	TRUE	TRUE	TRUE
Billboard	BruceSpringsteen_MyHometown_1985	Bruce Springsteen	My Hometown	1985	TRUE	TRUE	TRUE
Billboard	BuckOwens_IveGotATigerByTheTail_1965	Buck Owens	I've Got A Tiger By The Tail	1965	FALSE	TRUE	FALSE
Billboard	BuckOwens_ThinkOfMe_1966	Buck Owens	Think Of Me	1966	FALSE	TRUE	FALSE
Billboard	CandiStaton_YoungHeartsRunFree_1976	Candi Staton	Young Hearts Run Free	1976	FALSE	TRUE	FALSE
Billboard	CannedHeat_LetsWorkTogether_1970	Canned Heat	Let's Work Together	1970	FALSE	TRUE	FALSE
Billboard	CannedHeat_OnTheRoadAgain_1968	Canned Heat	On The Road Again	1968	FALSE	TRUE	FALSE
Billboard	CarlCarlton_EverlastingLove_1974	Carl Carlton	Everlasting Love	1974	FALSE	TRUE	FALSE
Billboard	CharlieRich_AVerySpecialLoveSong_1974	Charlie Rich	A Very Special Love Song	1974	FALSE	TRUE	FALSE
Billboard	CharlieRich_BehindClosedDoors_1973	Charlie Rich	Behind Closed Doors	1973	FALSE	TRUE	FALSE
Billboard	CharlieRich_LonelyWeekends_1960	Charlie Rich	Lonely Weekends	1960	FALSE	TRUE	FALSE
Billboard	CheapTrick_DreamPolice_1979	Cheap Trick	Dream Police	1979	TRUE	TRUE	TRUE
Billboard	CheapTrick_IWantYouToWantMe_1979	Cheap Trick	I Want You To Want Me	1979	FALSE	TRUE	FALSE
Billboard	CheapTrick_StopThisGame_1980	Cheap Trick	Stop This Game	1980	FALSE	TRUE	FALSE
Billboard	CheapTrick_Surrender_1978	Cheap Trick	Surrender	1978	FALSE	TRUE	FALSE
Billboard	Cher_IfICouldTurnBackTime_1989	Cher	If I Could Turn Back Time	1989	FALSE	TRUE	FALSE
Billboard	Cher_JustLikeJesseJames_1989	Cher	Just Like Jesse James	1989	FALSE	TRUE	FALSE
Billboard	Chicago_25Or6To4_1970	Chicago	25 Or 6 To 4	1970	TRUE	TRUE	TRUE
Billboard	Chicago_AliveAgain_1978	Chicago	Alive Again	1978	FALSE	TRUE	FALSE
Billboard	Chicago_AlongComesAWoman_1985	Chicago	Along Comes A Woman	1985	FALSE	TRUE	FALSE
Billboard	Chicago_AnotherRainyDayInNewYorkCity_1976	Chicago	Another Rainy Day In New York City	1976	FALSE	TRUE	FALSE
Billboard	Chicago_DoesAnybodyReallyKnowWhatTimeItIs_1970	Chicago	Does Anybody Really Know What Time It Is?	1970	TRUE	TRUE	TRUE
Billboard	Chicago_FeelinStrongerEveryDay_1973	Chicago	Feelin' Stronger Every Day	1973	TRUE	TRUE	TRUE
Billboard	Chicago_MakeMeSmile_1970	Chicago	Make Me Smile	1970	FALSE	TRUE	FALSE
Billboard	Chicago_OldDays_1975	Chicago	Old Days	1975	FALSE	TRUE	FALSE
Billboard	ChicoDeBarge_TalkToMe_1987	Chico DeBarge	Talk To Me	1987	FALSE	TRUE	FALSE
Billboard	ChrisKenner_LandOf1000Dances_1963	Chris Kenner	Land Of 1000 Dances	1963	FALSE	TRUE	FALSE
Billboard	ChubbyChecker_TheTwist_1962	Chubby Checker	The Twist	1962	TRUE	TRUE	TRUE
Billboard	ChuckBerry_AlmostGrown_1959	Chuck Berry	Almost Grown	1959	TRUE	TRUE	TRUE
Billboard	ChuckBerry_ReelinAndRockin_1972	Chuck Berry	Reelin' & Rockin'	1972	TRUE	TRUE	TRUE
Billboard	ChuckBerry_SweetLittleRockAndRoll_1958	Chuck Berry	Sweet Little Rock And Roll	1958	FALSE	TRUE	FALSE
Billboard	ClarenceCarter_Patches_1970	Clarence Carter	Patches	1970	FALSE	TRUE	FALSE
Billboard	ClarenceCarter_TooWeakToFight_1968	Clarence Carter	Too Weak To Fight	1968	FALSE	TRUE	FALSE
Billboard	CliffRichard_Carrie_1980	Cliff Richard	Carrie	1980	FALSE	TRUE	FALSE
Billboard	CliffRichard_DaddysHome_1982	Cliff Richard	Daddy's Home	1982	FALSE	TRUE	FALSE
Billboard	CliffRichard_DevilWoman_1976	Cliff Richard	Devil Woman	1976	FALSE	TRUE	FALSE
Billboard	CliffRichard_LivingDoll_1959	Cliff Richard	Living Doll	1959	TRUE	TRUE	TRUE
Billboard	CliffRichard_WeDontTalkAnymore_1979	Cliff Richard	We Don't Talk Anymore	1979	TRUE	TRUE	TRUE
Billboard	ColorMeBadd_IAdoreMiAmor_1991	Color Me Badd	I Adore Mi Amor	1991	FALSE	TRUE	FALSE
Billboard	Commodores_Easy_1977	Commodores	Easy	1977	FALSE	TRUE	FALSE
Billboard	Commodores_Lady_1981	Commodores	Lady (You Bring Me Up)	1981	TRUE	TRUE	TRUE
Billboard	Commodores_Nightshift_1985	Commodores	Nightshift	1985	TRUE	TRUE	TRUE
Billboard	Commodores_Still_1980	Commodores	Still	1980	FALSE	TRUE	FALSE
Billboard	Commodores_ThreeTimesALady_1978	Commodores	Three Times A Lady	1978	FALSE	TRUE	FALSE
Billboard	CoreyHart_InYourSoul_1988	Corey Hart	In Your Soul	1988	FALSE	TRUE	FALSE
Billboard	CorneliusBrothersAndSisterRose_TreatHerLikeALady_1971	Cornelius Brothers & Sister Rose	Treat Her Like A Lady	1971	TRUE	TRUE	TRUE
Billboard	CountBasie_GoingToChicagoBlues_1958	Count Basie	Going To Chicago Blues	1958	FALSE	TRUE	FALSE
Billboard	Cream_SunshineOfYourLove_1968	Cream	Sunshine Of Your Love	1968	TRUE	TRUE	TRUE
Billboard	CreedenceClearwaterRevival_BadMoonRising_1969	Creedence Clearwater Revival	Bad Moon Rising	1969	TRUE	TRUE	TRUE
Billboard	CreedenceClearwaterRevival_IPutASpellOnYou_1968	Creedence Clearwater Revival	I Put A Spell On You	1968	TRUE	TRUE	TRUE
Billboard	CrosbyStillsAndNash_GotItMade_1989	Crosby, Stills & Nash	Got It Made	1989	FALSE	TRUE	FALSE
Billboard	CrosbyStillsAndNash_SouthernCross_1982	Crosby, Stills & Nash	Southern Cross	1982	FALSE	TRUE	FALSE
Billboard	CrosbyStillsAndNash_SuiteJudyBlueEyes_1969	Crosby, Stills & Nash	Judy Blue Eyes	1969	FALSE	TRUE	FALSE
Billboard	CrosbyStillsAndNash_TeachYourChildren_1970	Crosby, Stills & Nash	Teach Your Children	1970	FALSE	TRUE	FALSE
Billboard	CultureClub_IllTumble4Ya_1983	Culture Club	I'll Tumble 4 Ya	1983	FALSE	TRUE	FALSE
Billboard	CultureClub_KarmaChameleon_1984	Culture Club	Karma Chameleon	1984	TRUE	TRUE	TRUE
Billboard	CyndiLauper_AllThroughTheNight_1984	Cyndi Lauper	All Through The Night	1984	FALSE	TRUE	FALSE
Billboard	CyndiLauper_IDroveAllNight_1989	Cyndi Lauper	I Drove All Night	1989	FALSE	TRUE	FALSE
Billboard	CyndiLauper_SheBop_1984	Cyndi Lauper	She Bop	1984	FALSE	TRUE	FALSE
Billboard	CyndiLauper_TheGooniesRGoodEnough_1985	Cyndi Lauper	The Goonies R Good Enough	1985	TRUE	TRUE	TRUE
Billboard	CyndiLauper_TrueColors_1986	Cyndi Lauper	True Colors	1986	TRUE	TRUE	TRUE
Billboard	DarylHallAndJohnOates_KissOnMyList_1981	Daryl Hall & John Oates	Kiss On My List	1981	TRUE	TRUE	TRUE
Billboard	DarylHallAndJohnOates_Maneater_1983	Daryl Hall & John Oates	Maneater	1983	FALSE	TRUE	FALSE
Billboard	DarylHallAndJohnOates_RichGirl_1977	Daryl Hall & John Oates	Rich Girl	1977	FALSE	TRUE	FALSE
Billboard	DarylHallAndJohnOates_SaraSmile_1976	Daryl Hall & John Oates	Sara Smile	1976	FALSE	TRUE	FALSE
Billboard	DaveDudley_SixDaysOnTheRoad_1963	Dave Dudley	Six Days On The Road	1963	FALSE	TRUE	FALSE
Billboard	DavidBowie_BlueJean_1984	David Bowie	Blue Jean	1984	TRUE	TRUE	TRUE
Billboard	DavidBowie_GoldenYears_1976	David Bowie	Golden Years	1976	FALSE	TRUE	FALSE
Billboard	DavidBowie_ModernLove_1983	David Bowie	Modern Love	1983	FALSE	TRUE	FALSE
Billboard	DavidBowie_SpaceOddity_1973	David Bowie	Space Oddity	1973	FALSE	TRUE	FALSE
Billboard	DavidCrosbyAndGrahamNash_CarryMe_1975	David Crosby & Graham Nash	Carry Me	1975	FALSE	TRUE	FALSE
Billboard	DavidRuffinAndJimmyRuffin_StandByMe_1970	David Ruffin & Jimmy Ruffin	Stand By Me	1970	TRUE	TRUE	TRUE
Billboard	DeLaSoul_MeMyselfAndI_1989	De La Soul	Me Myself And I	1989	FALSE	TRUE	FALSE
Billboard	DeanMartin_EverybodyLovesSomebody_1964	Dean Martin	Everybody Loves Somebody	1964	FALSE	TRUE	FALSE
Billboard	DeanMartin_IWill_1965	Dean Martin	I Will	1965	FALSE	TRUE	FALSE
Billboard	Debarge_TimeWillReveal_1984	Debarge	Time Will Reveal	1984	FALSE	TRUE	FALSE
Billboard	DepecheMode_WorldInMyEyes_1990	Depeche Mode	World In My Eyes	1990	TRUE	TRUE	TRUE
Billboard	DianaRoss_UpsideDown_1980	Diana Ross	Upside Down	1980	FALSE	TRUE	FALSE
Billboard	DigitalUnderground_TheHumptyDance_1990	Digital Underground	The Humpty Dance	1990	FALSE	TRUE	FALSE
Billboard	DinahWashington_Unforgettable_1959	Dinah Washington	Unforgettable	1959	TRUE	TRUE	TRUE
Billboard	DinahWashington_WhereAreYou_1962	Dinah Washington	Where Are You	1962	FALSE	TRUE	FALSE
Billboard	Dion_AbrahamMartinAndJohn_1968	Dion	Abraham, Martin And John	1968	FALSE	TRUE	FALSE
Billboard	Dion_BornToCry_1962	Dion	(I was) Born To Cry	1962	FALSE	TRUE	FALSE
Billboard	Dion_LoveCameToMe_1962	Dion	Love Came To Me	1962	FALSE	TRUE	FALSE
Billboard	Dion_LoversWhoWander_1962	Dion	Lovers Who Wander	1962	FALSE	TRUE	FALSE
Billboard	Dion_RubyBaby_1963	Dion	Ruby Baby	1963	FALSE	TRUE	FALSE
Billboard	Dion_RunaroundSue_1961	Dion	Runaround Sue	1961	FALSE	TRUE	FALSE
Billboard	Dion_ThisLittleGirl_1963	Dion	This Little Girl	1963	FALSE	TRUE	FALSE
Billboard	Dion_WhereOrWhen_1960	Dion	Where Or When	1960	FALSE	TRUE	FALSE
Billboard	DollyParton_BabyImBurnin_1979	Dolly Parton	Baby I'm Burnin'	1979	FALSE	TRUE	FALSE
Billboard	DollyParton_StartingOverAgain_1980	Dolly Parton	Starting Over Again	1980	FALSE	TRUE	FALSE
Billboard	DonGibson_SeaOfHeartbreak_1961	Don Gibson	Sea Of Heartbreak	1961	FALSE	TRUE	FALSE
Billboard	DonnaFargo_Superman_1973	Donna Fargo	Superman	1973	FALSE	TRUE	FALSE
Billboard	DonnaSummer_LastDance_1978	Donna Summer	Last Dance	1978	TRUE	TRUE	TRUE
Billboard	Donovan_SunshineSuperman_1966	Donovan	Sunshine Superman	1966	TRUE	TRUE	TRUE
Billboard	DottieWest_ALessonInLeavin_1980	Dottie West	A Lesson In Leavin'	1980	FALSE	TRUE	FALSE
Billboard	DoubleExposure_TenPercent_1976	Double Exposure	Ten Percent	1976	FALSE	TRUE	FALSE
Billboard	DrHook_IfNotYou_1977	Dr. Hook	If Not You	1977	FALSE	TRUE	FALSE
Billboard	DrHook_OnlySixteen_1976	Dr. Hook	Only Sixteen	1976	FALSE	TRUE	FALSE
Billboard	DrHook_SexyEyes_1980	Dr. Hook	Sexy Eyes	1980	TRUE	TRUE	TRUE
Billboard	DrHook_TheMillionaire_1975	Dr. Hook	The Millionaire	1975	FALSE	TRUE	FALSE
Billboard	DrHook_WalkRightIn_1977	Dr. Hook	Walk Right In	1977	FALSE	TRUE	FALSE
Billboard	DrHook_YearsFromNow_1980	Dr. Hook	Years From Now	1980	FALSE	TRUE	FALSE
Billboard	DrJohn_RightPlaceWrongTime_1973	Dr. John	Right Place Wrong Time	1973	FALSE	TRUE	FALSE
Billboard	DuranDuran_AllSheWantsIs_1989	Duran Duran	All She Wants Is	1989	FALSE	TRUE	FALSE
Billboard	DuranDuran_IDontWantYourLove_1989	Duran Duran	I Don't Want Your Love	1989	FALSE	TRUE	FALSE
Billboard	DuranDuran_IsThereSomethingIShouldKnow_1983	Duran Duran	Is There Something I Should Know	1983	TRUE	TRUE	TRUE
Billboard	EarthWindAndFire_AfterTheLoveHasGone_1979	Earth, Wind & Fire	After The Love Has Gone	1979	FALSE	TRUE	FALSE
Billboard	EarthWindAndFire_Getaway_1976	Earth, Wind & Fire	Getaway	1976	FALSE	TRUE	FALSE
Billboard	EarthWindAndFire_September_1979	Earth, Wind & Fire	September	1979	TRUE	TRUE	TRUE
Billboard	EddieHolland_Jamie_1962	Eddie Holland	Jamie	1962	FALSE	TRUE	FALSE
Billboard	EddieRabbitt_ILoveARainyNight_1981	Eddie Rabbitt	I Love A Rainy Night	1981	FALSE	TRUE	FALSE
Billboard	EdgarWinter_Frankenstein_1973	Edgar Winter	Frankenstein	1973	FALSE	TRUE	FALSE
Billboard	EdwinStarr_War_1970	Edwin Starr	War	1970	TRUE	TRUE	TRUE
Billboard	EltonJohn_GoodbyeYellowBrickRoad_1973	Elton John	Goodbye Yellow Brick Road	1973	TRUE	TRUE	TRUE
Billboard	EltonJohn_Levon_1971	Elton John	Levon	1971	FALSE	TRUE	FALSE
Billboard	EltonJohn_PhiladelphiaFreedom_1975	Elton John	Philadelphia Freedom	1975	FALSE	TRUE	FALSE
Billboard	EltonJohn_TheBitchIsBack_1974	Elton John	The Bitch Is Back	1974	FALSE	TRUE	FALSE
Billboard	EltonJohn_WhoWearsTheseShoes_1984	Elton John	Who Wears These Shoes?	1984	TRUE	TRUE	TRUE
Billboard	ElvisPresley_AskMe_1964	Elvis Presley	Ask Me	1964	FALSE	TRUE	FALSE
Billboard	ElvisPresley_ForOlTimesSake_1973	Elvis Presley	For Ol' Times Sake	1973	FALSE	TRUE	FALSE
Billboard	ElvisPresley_GuitarMan_1968	Elvis Presley	Guitar Man	1968	TRUE	TRUE	TRUE
Billboard	ElvisPresley_HisLatestFlame_1961	Elvis Presley	(Marie's the Name) His Latest Flame	1961	FALSE	TRUE	FALSE
Billboard	ElvisPresley_IReallyDontWantToKnow_1970	Elvis Presley	I Really Don't Want To Know	1970	FALSE	TRUE	FALSE
Billboard	ElvisPresley_IfICanDream_1968	Elvis Presley	If I Can Dream	1968	FALSE	TRUE	FALSE
Billboard	ElvisPresley_Judy_1967	Elvis Presley	Judy	1967	FALSE	TRUE	FALSE
Billboard	ElvisPresley_LittleSister_1961	Elvis Presley	Little Sister	1961	TRUE	TRUE	TRUE
Billboard	ElvisPresley_MyBoy_1975	Elvis Presley	My Boy	1975	FALSE	TRUE	FALSE
Billboard	ElvisPresley_MyWay_1978	Elvis Presley	My Way	1978	FALSE	TRUE	FALSE
Billboard	ElvisPresley_MyWishCameTrue_1959	Elvis Presley	My Wish Came True	1959	FALSE	TRUE	FALSE
Billboard	ElvisPresley_OneNight_1959	Elvis Presley	One Night	1959	TRUE	TRUE	TRUE
Billboard	ElvisPresley_SheThinksIStillCare_1977	Elvis Presley	She Thinks I Still Care	1977	FALSE	TRUE	FALSE
Billboard	ElvisPresley_ThereGoesMyEverything_1971	Elvis Presley	There Goes My Everything	1971	FALSE	TRUE	FALSE
Billboard	EmersonLakeAndPalmer_LuckyMan_1971	Emerson, Lake & Palmer	Lucky Man	1971	FALSE	TRUE	FALSE
Billboard	EngelbertHumperdinck_AfterTheLovin_1977	Engelbert Humperdinck	After The Lovin'	1977	FALSE	TRUE	FALSE
Billboard	EricCarmen_HungryEyes_1988	Eric Carmen	Hungry Eyes (from the film Dirty Dancing)	1988	FALSE	TRUE	FALSE
Billboard	EricCarmen_Sunrise_1976	Eric Carmen	Sunrise	1976	TRUE	TRUE	TRUE
Billboard	EricClapton_ForeverMan_1985	Eric Clapton	Forever Man	1985	FALSE	TRUE	FALSE
Billboard	EricClapton_ICantStandIt_1981	Eric Clapton	I Can't Stand It	1981	FALSE	TRUE	FALSE
Billboard	EricClapton_LayDownSally_1978	Eric Clapton	Lay Down Sally	1978	TRUE	TRUE	TRUE
Billboard	EricClapton_LetItRain_1972	Eric Clapton	Let It Rain	1972	TRUE	TRUE	TRUE
Billboard	EricClapton_Promises_1978	Eric Clapton	Promises	1978	FALSE	TRUE	FALSE
Billboard	EricClapton_WillieAndTheHandJive_1974	Eric Clapton	Willie And The Hand Jive	1974	TRUE	TRUE	TRUE
Billboard	EttaJames_FoolThatIAm_1961	Etta James	Fool That I Am	1961	FALSE	TRUE	FALSE
Billboard	EttaJames_StopTheWedding_1962	Etta James	Stop The Wedding	1962	FALSE	TRUE	FALSE
Billboard	EttaJames_WouldItMakeAnyDifferenceToYou_1963	Etta James	Would It Make Any Difference To You	1963	FALSE	TRUE	FALSE
Billboard	EvelynChampagneKing_ImInLove_1981	Evelyn Champagne King	I'm In Love	1981	FALSE	TRUE	FALSE
Billboard	FatsDomino_BeMyGuest_1959	Fats Domino	Be My Guest	1959	TRUE	TRUE	TRUE
Billboard	FatsDomino_IWantToWalkYouHome_1959	Fats Domino	I Want To Walk You Home	1959	FALSE	TRUE	FALSE
Billboard	Firehouse_DontTreatMeBad_1991	Firehouse	Don't Treat Me Bad	1991	FALSE	TRUE	FALSE
Billboard	FiveManElectricalBand_AbsolutelyRight_1971	Five Man Electrical Band	Absolutely Right	1971	FALSE	TRUE	FALSE
Billboard	FlattAndScruggs_FoggyMountainBreakdown_1968	Flatt & Scruggs	Foggy Mountain Breakdown	1968	FALSE	TRUE	FALSE
Billboard	FloydCramer_LastDate_1960	Floyd Cramer	Last Date	1960	FALSE	TRUE	FALSE
Billboard	Focus_HocusPocus_1973	Focus	Hocus Pocus	1973	FALSE	TRUE	FALSE
Billboard	Foghat_DrivinWheel_1977	Foghat	Drivin' Wheel	1977	FALSE	TRUE	FALSE
Billboard	FontellaBass_RescueMe_1965	Fontella Bass	Rescue Me	1965	TRUE	TRUE	TRUE
Billboard	FourTops_StandingInTheShadowsOfLove_1967	Four Tops	Standing In The Shadows Of Love	1967	FALSE	TRUE	FALSE
Billboard	FreddieJackson_HaveYouEverLovedSomebody_1987	Freddie Jackson	Have You Ever Loved Somebody	1987	FALSE	TRUE	FALSE
Billboard	FreddyFender_LivingItDown_1976	Freddy Fender	Living It Down	1976	FALSE	TRUE	FALSE
Billboard	FreddyFender_SecretLove_1975	Freddy Fender	Secret Love	1975	FALSE	TRUE	FALSE
Billboard	GaryUSBonds_QuarterToThree_1961	Gary U.S. Bonds	Quarter To Three	1961	FALSE	TRUE	FALSE
Billboard	GenePitney_TownWithoutPity_1961	Gene Pitney	Town Without Pity	1961	TRUE	TRUE	TRUE
Billboard	GeneralPublic_Tenderness_1984	General Public	Tenderness	1984	FALSE	TRUE	FALSE
Billboard	Genesis_Abacab_1982	Genesis	Abacab	1982	TRUE	TRUE	TRUE
Billboard	Genesis_InvisibleTouch_1986	Genesis	Invisible Touch	1986	FALSE	TRUE	FALSE
Billboard	Genesis_Misunderstanding_1980	Genesis	Misunderstanding	1980	FALSE	TRUE	FALSE
Billboard	Genesis_TonightTonightTonight_1987	Genesis	Tonight, Tonight, Tonight	1987	FALSE	TRUE	FALSE
Billboard	GeorgeBenson_Breezin_1976	George Benson	Breezin'	1976	FALSE	TRUE	FALSE
Billboard	GeorgeHarrison_AllThoseYearsAgo_1981	George Harrison	All Those Years Ago	1981	FALSE	TRUE	FALSE
Billboard	GeorgeHarrison_BlowAway_1979	George Harrison	Blow Away	1979	TRUE	TRUE	TRUE
Billboard	GeorgeHarrison_CrackerboxPalace_1977	George Harrison	Crackerbox Palace	1977	TRUE	TRUE	TRUE
Billboard	GeorgeHarrison_GotMyMindSetOnYou_1988	George Harrison	Got My Mind Set On You	1988	TRUE	TRUE	TRUE
Billboard	GeorgeHarrison_ThisSong_1977	George Harrison	This Song	1977	FALSE	TRUE	FALSE
Billboard	GinoVannelli_BlackCars_1985	Gino Vannelli	Black Cars	1985	FALSE	TRUE	FALSE
Billboard	GinoVannelli_HurtsToBeInLove_1985	Gino Vannelli	Hurts To Be In Love	1985	FALSE	TRUE	FALSE
Billboard	GinoVannelli_WildHorses_1987	Gino Vannelli	Wild Horses	1987	TRUE	TRUE	TRUE
Billboard	GladysKnightAndThePips_BabyDontChangeYourMind_1977	Gladys Knight & The Pips	Baby Don't Change Your Mind	1977	FALSE	TRUE	FALSE
Billboard	GladysKnightAndThePips_BestThingThatEverHappenedToMe_1974	Gladys Knight & The Pips	Best Thing That Ever Happened To Me	1974	FALSE	TRUE	FALSE
Billboard	GladysKnightAndThePips_IfIWereYourWoman_1971	Gladys Knight & The Pips	If I Were Your Woman	1971	FALSE	TRUE	FALSE
Billboard	GladysKnightAndThePips_LetterFullOfTears_1962	Gladys Knight & The Pips	Letter Full Of Tears	1962	FALSE	TRUE	FALSE
Billboard	GlenCampbell_Galveston_1969	Glen Campbell	Galveston	1969	FALSE	TRUE	FALSE
Billboard	GlenCampbell_ItsOnlyMakeBelieve_1970	Glen Campbell	It's Only Make Believe	1970	FALSE	TRUE	FALSE
Billboard	GlenCampbell_RhinestoneCowboy_1975	Glen Campbell	Rhinestone Cowboy	1975	FALSE	TRUE	FALSE
Billboard	GlenCampbell_Sunflower_1977	Glen Campbell	Sunflower	1977	FALSE	TRUE	FALSE
Billboard	GlenCampbell_WichitaLineman_1969	Glen Campbell	Wichita Lineman	1969	FALSE	TRUE	FALSE
Billboard	GloriaGaynor_NeverCanSayGoodbye_1975	Gloria Gaynor	Never Can Say Goodbye	1975	TRUE	TRUE	TRUE
Billboard	GoldenEarring_TwilightZone_1983	Golden Earring	Twilight Zone	1983	FALSE	TRUE	FALSE
Billboard	GordonLightfoot_Beautiful_1972	Gordon Lightfoot	Beautiful	1972	FALSE	TRUE	FALSE
Billboard	GrahamNash_Chicago_1971	Graham Nash	Chicago	1971	FALSE	TRUE	FALSE
Billboard	GrandFunkRailroad_WalkLikeAMan_1973	Grand Funk Railroad	Walk Like A Man	1973	FALSE	TRUE	FALSE
Billboard	GratefulDead_SugarMagnolia_1973	Grateful Dead	Sugar Magnolia	1973	TRUE	TRUE	TRUE
Billboard	HankSnow_IveBeenEverywhere_1962	Hank Snow	I've Been Everywhere	1962	TRUE	TRUE	TRUE
Billboard	HarryChapin_SundayMorningSunshine_1972	Harry Chapin	Sunday Morning Sunshine	1972	TRUE	TRUE	TRUE
Billboard	Heart_CrazyOnYou_1978	Heart	Crazy On You	1978	TRUE	TRUE	TRUE
Billboard	Heart_MagicMan_1976	Heart	Magic Man	1976	TRUE	TRUE	TRUE
Billboard	Heart_TheresTheGirl_1988	Heart	There's The Girl	1988	FALSE	TRUE	FALSE
Billboard	Heart_WhoWillYouRunTo_1987	Heart	Who Will You Run To	1987	TRUE	TRUE	TRUE
Billboard	HiFive_ILikeTheWay_1991	Hi-Five	I Like The Way (The Kissing Game)	1991	FALSE	TRUE	FALSE
Billboard	HueyLewis_IWantANewDrug_1984	Huey Lewis	I Want A New Drug	1984	FALSE	TRUE	FALSE
Billboard	INXS_NeedYouTonight_1988	INXS	Need You Tonight	1988	FALSE	TRUE	FALSE
Billboard	IkeAndTinaTurner_IWantToTakeYouHigher_1970	Ike & Tina Turner	I Want To Take You Higher	1970	FALSE	TRUE	FALSE
Billboard	IkeAndTinaTurner_ItsGonnaWorkOutFine_1961	Ike & Tina Turner	It's Gonna Work Out Fine	1961	FALSE	TRUE	FALSE
Billboard	IrmaThomas_WishSomeoneWouldCare_1964	Irma Thomas	Wish Someone Would Care	1964	FALSE	TRUE	FALSE
Billboard	IronButterfly_InAGaddaDaVida_1968	Iron Butterfly	In-A-Gadda-Da-Vida	1968	FALSE	TRUE	FALSE
Billboard	IsaacHayes_DoYourThing_1972	Isaac Hayes	Do Your Thing	1972	FALSE	TRUE	FALSE
Billboard	IsaacHayes_TheLookOfLove_1971	Isaac Hayes	The Look Of Love	1971	FALSE	TRUE	FALSE
Billboard	JFrankWilsonAndTheCavaliers_LastKiss_1964	J. Frank Wilson & The Cavaliers	Last Kiss	1964	TRUE	TRUE	TRUE
Billboard	JackieWilson_BabyWorkout_1963	Jackie Wilson	Baby Workout	1963	FALSE	TRUE	FALSE
Billboard	JacksonBrowne_Boulevard_1980	Jackson Browne	Boulevard	1980	FALSE	TRUE	FALSE
Billboard	JacksonBrowne_HereComeThoseTearsAgain_1977	Jackson Browne	Here Come Those Tears Again	1977	FALSE	TRUE	FALSE
Billboard	JacksonBrowne_RedneckFriend_1973	Jackson Browne	Redneck Friend	1973	FALSE	TRUE	FALSE
Billboard	JacksonBrowne_RunningOnEmpty_1978	Jackson Browne	Running On Empty	1978	FALSE	TRUE	FALSE
Billboard	JamesBrown_BabyYoureRight_1961	James Brown	Baby, You're Right	1961	FALSE	TRUE	FALSE
Billboard	JamesBrown_ColdSweatPart1_1967	James Brown	Cold Sweat - Part 1	1967	TRUE	TRUE	TRUE
Billboard	JamesBrown_DownAndOutInNewYorkCity_1973	James Brown	Down And Out In New York City	1973	FALSE	TRUE	FALSE
Billboard	JamesBrown_GetUp_1970	James Brown	Get Up (I Feel Like Being Like A) Sex Machine (Part 1)	1970	TRUE	TRUE	TRUE
Billboard	JamesBrown_IDontMind_1961	James Brown	I Don't Mind	1961	TRUE	TRUE	TRUE
Billboard	JamesBrown_IGotYou_1965	James Brown	I Got You (I Feel Good)	1965	TRUE	TRUE	TRUE
Billboard	JamesBrown_MyThang_1974	James Brown	My Thang	1974	FALSE	TRUE	FALSE
Billboard	JamesBrown_Think_1973	James Brown	Think	1973	FALSE	TRUE	FALSE
Billboard	JamesTaylor_CountryRoad_1971	James Taylor	Country Road	1971	FALSE	TRUE	FALSE
Billboard	JanAndDean_SidewalkSurfin_1964	Jan & Dean	Sidewalk Surfin'	1964	TRUE	TRUE	TRUE
Billboard	JanAndDean_TheAnaheimAzusaAndCucamongaSewingCircleBookReviewAndTimingAssociation_1964	Jan & Dean	The Anaheim, Azusa & Cucamonga Sewing Circle, Book Review And Timing Association	1964	FALSE	TRUE	FALSE
Billboard	JanAndDean_TheLittleOldLady_1964	Jan & Dean	The Little Old Lady (From Pasadena)	1964	TRUE	TRUE	TRUE
Billboard	JanisJoplin_KozmicBlues_1969	Janis Joplin	Kozmic Blues	1969	FALSE	TRUE	FALSE
Billboard	JeffBeck_PeopleGetReady_1985	Jeff Beck	People Get Ready	1985	FALSE	TRUE	FALSE
Billboard	JeffersonStarship_CountOnMe_1978	Jefferson Starship	Count On Me	1978	FALSE	TRUE	FALSE
Billboard	JermaineJackson_LetsGetSerious_1980	Jermaine Jackson	Let's Get Serious	1980	FALSE	TRUE	FALSE
Billboard	JerryJeffWalker_MrBojangles_1968	Jerry Jeff Walker	Mr. Bojangles	1968	TRUE	TRUE	TRUE
Billboard	JerryReed_KoKoJoe_1971	Jerry Reed	Ko-Ko Joe	1971	FALSE	TRUE	FALSE
Billboard	JesusJones_RightHereRightNow_1991	Jesus Jones	Right Here, Right Now	1991	FALSE	TRUE	FALSE
Billboard	JethroTull_LivingInThePast_1972	Jethro Tull	Living In The Past	1972	FALSE	TRUE	FALSE
Billboard	JimiHendrix_Freedom_1971	Jimi Hendrix	Freedom	1971	FALSE	TRUE	FALSE
Billboard	JimmyBuffett_ComeMonday_1974	Jimmy Buffett	Come Monday	1974	FALSE	TRUE	FALSE
Billboard	JimmyClanton_JustADream_1958	Jimmy Clanton	Just A Dream	1958	TRUE	TRUE	TRUE
Billboard	JimmyCliff_WonderfulWorldBeautifulPeople_1969	Jimmy Cliff	Wonderful World, Beautiful People	1969	FALSE	TRUE	FALSE
Billboard	JimmyJones_HandyMan_1960	Jimmy Jones	Handy Man	1960	FALSE	TRUE	FALSE
Billboard	JimmyReed_BabyWhatYouWantMeToDo_1960	Jimmy Reed	Baby What You Want Me To Do	1960	TRUE	TRUE	TRUE
Billboard	JimmyRuffin_IvePassedThisWayBefore_1967	Jimmy Ruffin	I've Passed This Way Before	1967	FALSE	TRUE	FALSE
Billboard	JimmySmith_WalkOnTheWildSide_1962	Jimmy Smith	Walk On The Wild Side (Part 1)	1962	FALSE	TRUE	FALSE
Billboard	JoanBaez_ThereButForFortune_1965	Joan Baez	There But For Fortune	1965	FALSE	TRUE	FALSE
Billboard	JoeCocker_WithALittleHelpFromMyFriends_1968	Joe Cocker	With A Little Help From My Friends	1968	FALSE	TRUE	FALSE
Billboard	JohnDenver_AnniesSong_1974	John Denver	Annie's Song	1974	FALSE	TRUE	FALSE
Billboard	JohnDenver_BackHomeAgain_1974	John Denver	Back Home Again	1974	TRUE	TRUE	TRUE
Billboard	JohnDenver_ItAmazesMe_1978	John Denver	It Amazes Me	1978	FALSE	TRUE	FALSE
Billboard	JohnDenver_RockyMountainHigh_1972	John Denver	Rocky Mountain High	1972	TRUE	TRUE	TRUE
Billboard	JohnDenver_SeasonsOfTheHeart_1982	John Denver	Seasons Of The Heart	1982	TRUE	TRUE	TRUE
Billboard	JohnDenver_SomeDaysAreDiamonds_1981	John Denver	Some Days Are Diamonds (Some Days Are Stone)	1981	FALSE	TRUE	FALSE
Billboard	JohnnyCash_IGotStripes_1959	Johnny Cash	I Got Stripes	1959	TRUE	TRUE	TRUE
Billboard	JohnnyCash_TheWaysOfAWomanInLove_1958	Johnny Cash	The Ways Of A Woman In Love	1958	TRUE	TRUE	TRUE
Billboard	JohnnyHorton_JohnnyReb_1959	Johnny Horton	Johnny Reb	1959	TRUE	TRUE	TRUE
Billboard	JohnnyHorton_TheBattleOfNewOrleans_1959	Johnny Horton	The Battle Of New Orleans	1959	TRUE	TRUE	TRUE
Billboard	JohnnyLee_LookinForLove_1980	Johnny Lee	Lookin' For Love	1980	FALSE	TRUE	FALSE
Billboard	JohnnyTillotson_IRiseIFall_1964	Johnny Tillotson	I Rise, I Fall	1964	FALSE	TRUE	FALSE
Billboard	JohnnyTillotson_ItKeepsRightOnAHurtin_1962	Johnny Tillotson	It Keeps Right On A-Hurtin'	1962	FALSE	TRUE	FALSE
Billboard	JohnnyTillotson_JimmysGirl_1961	Johnny Tillotson	Jimmy's Girl	1961	FALSE	TRUE	FALSE
Billboard	JohnnyTillotson_OutOfMyMind_1963	Johnny Tillotson	Out Of My Mind	1963	FALSE	TRUE	FALSE
Billboard	JohnnyTillotson_TalkBackTremblingLips_1963	Johnny Tillotson	Talk Back Trembling Lips	1963	FALSE	TRUE	FALSE
Billboard	JohnnyTillotson_WorriedGuy_1964	Johnny Tillotson	Worried Guy	1964	FALSE	TRUE	FALSE
Billboard	JoniMitchell_BabyIDontCare_1982	Joni Mitchell	(You're So Square) Baby I Don't Care	1982	TRUE	TRUE	TRUE
Billboard	JoniMitchell_BigYellowTaxi_1975	Joni Mitchell	Big Yellow Taxi	1975	TRUE	TRUE	TRUE
Billboard	JudasPriest_YouveGotAnotherThingComin_1982	Judas Priest	You've Got Another Thing Comin'	1982	TRUE	TRUE	TRUE
Billboard	JuiceNewton_BreakItToMeGently_1982	Juice Newton	Break It To Me Gently	1982	FALSE	TRUE	FALSE
Billboard	JuiceNewton_QueenOfHearts_1981	Juice Newton	Queen Of Hearts	1981	TRUE	TRUE	TRUE
Billboard	Kaoma_Lambada_1990	Kaoma	Lambada	1990	FALSE	TRUE	FALSE
Billboard	KateBush_RunningUpThatHill_1985	Kate Bush	Running Up That Hill	1985	FALSE	TRUE	FALSE
Billboard	KennyRogers_IDontNeedYou_1981	Kenny Rogers	I Don't Need You	1981	FALSE	TRUE	FALSE
Billboard	KennyRogers_Lady_1980	Kenny Rogers	Lady	1980	FALSE	TRUE	FALSE
Billboard	KennyRogers_Lucille_1977	Kenny Rogers	Lucille	1977	FALSE	TRUE	FALSE
Billboard	KennyRogers_ScarletFever_1983	Kenny Rogers	Scarlet Fever	1983	FALSE	TRUE	FALSE
Billboard	KennyRogers_SweetMusicMan_1978	Kenny Rogers	Sweet Music Man	1978	FALSE	TRUE	FALSE
Billboard	KennyRogers_ThroughTheYears_1981	Kenny Rogers	Through The Years	1981	FALSE	TRUE	FALSE
Billboard	KennyRogers_YouDecoratedMyLife_1980	Kenny Rogers	You Decorated My Life	1980	FALSE	TRUE	FALSE
Billboard	Kiss_RocketRide_1978	Kiss	Rocket Ride	1978	TRUE	TRUE	TRUE
Billboard	KoolAndTheGang_JungleBoogie_1974	Kool & The Gang	Jungle Boogie	1974	TRUE	TRUE	TRUE
Billboard	KrisKristofferson_LovingHerWasEasier_1971	Kris Kristofferson	Loving Her Was Easier (Than Anything I'll Ever Do Again)	1971	FALSE	TRUE	FALSE
Billboard	LaVernBaker_ICriedATear_1959	LaVern Baker	I Cried A Tear	1959	TRUE	TRUE	TRUE
Billboard	LaVernBaker_SeeSeeRider_1963	LaVern Baker	See See Rider	1963	FALSE	TRUE	FALSE
Billboard	LauraBranigan_Gloria_1982	Laura Branigan	Gloria	1982	FALSE	TRUE	FALSE
Billboard	LedZeppelin_DyerMaker_1973	Led Zeppelin	D'yer Mak'er	1973	TRUE	TRUE	TRUE
Billboard	LedZeppelin_OverTheHillsAndFarAway_1973	Led Zeppelin	Over The Hills And Far Away	1973	TRUE	TRUE	TRUE
Billboard	LedZeppelin_TrampledUnderFoot_1975	Led Zeppelin	Trampled Under Foot	1975	FALSE	TRUE	FALSE
Billboard	LeoSayer_YouMakeMeFeelLikeDancing_1977	Leo Sayer	You Make Me Feel Like Dancing	1977	TRUE	TRUE	TRUE
Billboard	LesleyGore_CaliforniaNights_1967	Lesley Gore	California Nights	1967	TRUE	TRUE	TRUE
Billboard	LesleyGore_YouDontOwnMe_1964	Lesley Gore	You Don't Own Me	1964	FALSE	TRUE	FALSE
Billboard	Level42_SomethingAboutYou_1986	Level 42	Something About You	1986	TRUE	TRUE	TRUE
Billboard	LindaRonstadt_WhenWillIBeLoved_1975	Linda Ronstadt	When Will I Be Loved	1975	TRUE	TRUE	TRUE
Billboard	LittleAnthonyAndTheImperials_OutOfSightOutOfMind_1969	Little Anthony & The Imperials	Out Of Sight, Out Of Mind	1969	FALSE	TRUE	FALSE
Billboard	LittleJoeyAndTheFlips_BongoStomp_1962	Little Joey & The Flips	Bongo Stomp	1962	FALSE	TRUE	FALSE
Billboard	LittleRiverBand_HappyAnniversary_1978	Little River Band	Happy Anniversary	1978	FALSE	TRUE	FALSE
Billboard	LittleRiverBand_HelpIsOnItsWay_1977	Little River Band	Help Is On Its Way	1977	TRUE	TRUE	TRUE
Billboard	LittleRiverBand_Reminiscing_1978	Little River Band	Reminiscing	1978	TRUE	TRUE	TRUE
Billboard	LittleRiverBand_TheOtherGuy_1983	Little River Band	The Other Guy	1983	FALSE	TRUE	FALSE
Billboard	LittleRiverBand_WeTwo_1983	Little River Band	We Two	1983	FALSE	TRUE	FALSE
Billboard	LookingGlass_Brandy_1972	Looking Glass	Brandy (You're A Fine Girl)	1972	FALSE	TRUE	FALSE
Billboard	LosLobos_WillTheWolfSurvive_1985	Los Lobos	Will The Wolf Survive	1985	FALSE	TRUE	FALSE
Billboard	LouisArmstrong_HelloDolly_1964	Louis Armstrong	Hello, Dolly!	1964	TRUE	TRUE	TRUE
Billboard	LouisPrimaAndKeelySmith_ThatOldBlackMagic_1958	Louis Prima & Keely Smith	That Old Black Magic	1958	FALSE	TRUE	FALSE
Billboard	LynyrdSkynyrd_SweetHomeAlabama_1974	Lynyrd Skynyrd	Sweet Home Alabama	1974	TRUE	TRUE	TRUE
Billboard	Madonna_LiveToTell_1986	Madonna	Live To Tell	1986	FALSE	TRUE	FALSE
Billboard	Madonna_OhFather_1990	Madonna	Oh Father	1990	TRUE	TRUE	TRUE
Billboard	MarcCohn_WalkingInMemphis_1991	Marc Cohn	Walking In Memphis	1991	FALSE	TRUE	FALSE
Billboard	MarieOsmond_PaperRoses_1973	Marie Osmond	Paper Roses	1973	FALSE	TRUE	FALSE
Billboard	MarkyMark_GoodVibrations_1991	Marky Mark	Good Vibrations	1991	TRUE	TRUE	TRUE
Billboard	MarthaAndTheVandellas_NowhereToRun_1965	Martha & The Vandellas	Nowhere To Run	1965	FALSE	TRUE	FALSE
Billboard	MartyRobbins_BigIron_1960	Marty Robbins	Big Iron	1960	FALSE	TRUE	FALSE
Billboard	MartyRobbins_IWalkAlone_1968	Marty Robbins	I Walk Alone	1968	FALSE	TRUE	FALSE
Billboard	MarvinGayeAndKimWeston_ItTakesTwo_1967	Marvin Gaye & Kim Weston	It Takes Two	1967	FALSE	TRUE	FALSE
Billboard	MarvinGayeAndTammiTerrell_IfICouldBuildMyWholeWorldAroundYou_1967	Marvin Gaye & Tammi Terrell	If I Could Build My Whole World Around You	1967	FALSE	TRUE	FALSE
Billboard	MarvinGaye_IWantYou_1976	Marvin Gaye	I Want You	1976	FALSE	TRUE	FALSE
Billboard	MarvinGaye_MercyMercyMe_1971	Marvin Gaye	Mercy Mercy Me (The Ecology)	1971	TRUE	TRUE	TRUE
Billboard	MaryMacGregor_TornBetweenTwoLovers_1976	Mary MacGregor	Torn Between Two Lovers	1976	FALSE	TRUE	FALSE
Billboard	MaxFrostAndTheTroopers_ShapeOfThingsToCome_1968	Max Frost & The Troopers	Shape Of Things To Come	1968	FALSE	TRUE	FALSE
Billboard	MeatLoaf_ParadiseByTheDashboardLight_1978	Meat Loaf	Paradise By The Dashboard Light	1978	FALSE	TRUE	FALSE
Billboard	MeatLoaf_YouTookTheWordsRightOutOfMyMouth_1978	Meat Loaf	You Took The Words Right Out Of My Mouth	1978	FALSE	TRUE	FALSE
Billboard	MelTorme_CominHomeBaby_1962	Mel Torme	Comin' Home Baby	1962	FALSE	TRUE	FALSE
Billboard	MelbaMontgomery_NoCharge_1974	Melba Montgomery	No Charge	1974	FALSE	TRUE	FALSE
Billboard	Metallica_One_1989	Metallica	One	1989	TRUE	TRUE	TRUE
Billboard	MichaelJacksonWithSiedahGarrett_IJustCantStopLovingYou_1987	Michael Jackson With Siedah Garrett	I Just Can't Stop Loving You	1987	FALSE	TRUE	FALSE
Billboard	MichaelJackson_BeatIt_1983	Michael Jackson	Beat It	1983	TRUE	TRUE	TRUE
Billboard	MichaelJackson_HumanNature_1983	Michael Jackson	Human Nature	1983	FALSE	TRUE	FALSE
Billboard	MichaelJackson_ManInTheMirror_1988	Michael Jackson	Man In The Mirror	1988	FALSE	TRUE	FALSE
Billboard	MichaelJackson_WannaBeStartinSomethin_1983	Michael Jackson	Wanna Be Startin' Somethin'	1983	FALSE	TRUE	FALSE
Billboard	MichaelJohnson_AlmostLikeBeingInLove_1978	Michael Johnson	Almost Like Being In Love	1978	FALSE	TRUE	FALSE
Billboard	MichaelSembello_Maniac_1983	Michael Sembello	Maniac	1983	FALSE	TRUE	FALSE
Billboard	MilliVanilli_BabyDontForgetMyNumber_1989	Milli Vanilli	Baby Don't Forget My Number	1989	TRUE	TRUE	TRUE
Billboard	MilliVanilli_GirlImGonnaMissYou_1989	Milli Vanilli	Girl I m Gonna Miss You	1989	FALSE	TRUE	FALSE
Billboard	MilliVanilli_GirlYouKnowItsTrue_1989	Milli Vanilli	Girl You Know It's True	1989	FALSE	TRUE	FALSE
Billboard	MinnieRiperton_LovinYou_1975	Minnie Riperton	Lovin' You	1975	FALSE	TRUE	FALSE
Billboard	NakedEyes_AlwaysSomethingThereToRemindMe_1983	Naked Eyes	Always Something There To Remind Me	1983	TRUE	TRUE	TRUE
Billboard	NancySinatra_TheseBootsAreMadeForWalkin_1966	Nancy Sinatra	These Boots Are Made For Walkin'	1966	TRUE	TRUE	TRUE
Billboard	NatKingCole_RamblinRose_1962	Nat King Cole	Ramblin' Rose	1962	FALSE	TRUE	FALSE
Billboard	NatKingCole_ThoseLazyHazyCrazyDaysOfSummer_1963	Nat King Cole	Those Lazy-Hazy-Crazy Days Of Summer	1963	FALSE	TRUE	FALSE
Billboard	NatalieCole_IveGotLoveOnMyMind_1977	Natalie Cole	I've Got Love On My Mind	1977	FALSE	TRUE	FALSE
Billboard	NatalieCole_Unforgettable_1991	Natalie Cole	Unforgettable	1991	FALSE	TRUE	FALSE
Billboard	NeilSedaka_BreakingUpIsHardToDo_1976	Neil Sedaka	Breaking Up Is Hard To Do	1976	FALSE	TRUE	FALSE
Billboard	NenehCherry_KissesOnTheWind_1989	Neneh Cherry	Kisses On The Wind	1989	FALSE	TRUE	FALSE
Billboard	NickGilder_HotChildInTheCity_1978	Nick Gilder	Hot Child In The City	1978	FALSE	TRUE	FALSE
Billboard	NittyGrittyDirtBand_BuyForMeTheRain_1967	Nitty Gritty Dirt Band	Buy For Me The Rain	1967	TRUE	TRUE	TRUE
Billboard	NittyGrittyDirtBand_MakeALittleMagic_1980	Nitty Gritty Dirt Band	Make A Little Magic	1980	FALSE	TRUE	FALSE
Billboard	OakRidgeBoys_Elvira_1981	Oak Ridge Boys	Elvira	1981	TRUE	TRUE	TRUE
Billboard	Ocean_PutYourHandInTheHand_1971	Ocean	Put Your Hand In The Hand	1971	FALSE	TRUE	FALSE
Billboard	Oliver_GoodMorningStarshine_1969	Oliver	Good Morning Starshine	1969	TRUE	TRUE	TRUE
Billboard	OtisRedding_ChainedAndBound_1964	Otis Redding	Chained And Bound	1964	FALSE	TRUE	FALSE
Billboard	OtisRedding_IveBeenLovingYouTooLong_1965	Otis Redding	I've Been Loving You Too Long (To Stop Now)	1965	FALSE	TRUE	FALSE
Billboard	OtisRedding_TheDockOfTheBay_1968	Otis Redding	(Sittin' On) The Dock Of The Bay	1968	TRUE	TRUE	TRUE
Billboard	PaperLace_TheNightChicagoDied_1974	Paper Lace	The Night Chicago Died	1974	FALSE	TRUE	FALSE
Billboard	PatBenatar_FireAndIce_1981	Pat Benatar	Fire And Ice	1981	FALSE	TRUE	FALSE
Billboard	PatBenatar_Heartbreaker_1980	Pat Benatar	Heartbreaker	1980	TRUE	TRUE	TRUE
Billboard	PatBenatar_LittleTooLate_1983	Pat Benatar	Little Too Late	1983	FALSE	TRUE	FALSE
Billboard	PatBenatar_LoveIsABattlefield_1983	Pat Benatar	Love Is A Battlefield	1983	FALSE	TRUE	FALSE
Billboard	PatBenatar_PromisesInTheDark_1981	Pat Benatar	Promises In The Dark	1981	FALSE	TRUE	FALSE
Billboard	PatrickHernandez_BornToBeAlive_1979	Patrick Hernandez	Born To Be Alive	1979	FALSE	TRUE	FALSE
Billboard	PaulAnka_LetMeGetToKnowYou_1974	Paul Anka	Let Me Get To Know You	1974	FALSE	TRUE	FALSE
Billboard	PaulAnka_LoveMeWarmAndTender_1962	Paul Anka	Love Me Warm And Tender	1962	FALSE	TRUE	FALSE
Billboard	PaulMcCartneyAndWings_MyLove_1973	Paul McCartney & Wings	My Love	1973	TRUE	TRUE	TRUE
Billboard	PaulMcCartney_MaybeImAmazed_1977	Paul McCartney	Maybe I'm Amazed	1977	TRUE	TRUE	TRUE
Billboard	PaulMcCartney_Press_1986	Paul McCartney	Press	1986	FALSE	TRUE	FALSE
Billboard	PaulMcCartney_WithALittleLuck_1978	Paul McCartney	With A Little Luck	1978	FALSE	TRUE	FALSE
Billboard	PaulRevereAndTheRaiders_Kicks_1966	Paul Revere & The Raiders	Kicks	1966	TRUE	TRUE	TRUE
Billboard	PaulSimon_50WaysToLeaveYourLover_1976	Paul Simon	50 Ways To Leave Your Lover	1976	TRUE	TRUE	TRUE
Billboard	PaulSimon_YouCanCallMeAl_1986	Paul Simon	You Can Call Me Al	1986	FALSE	TRUE	FALSE
Billboard	PeachesAndHerb_ShakeYourGrooveThing_1978	Peaches & Herb	Shake Your Groove Thing	1978	FALSE	TRUE	FALSE
Billboard	PeggyLee_Fever_1958	Peggy Lee	Fever	1958	TRUE	TRUE	TRUE
Billboard	PeggyLee_IsThatAllThereIs_1969	Peggy Lee	Is That All There Is	1969	FALSE	TRUE	FALSE
Billboard	PetShopBoys_AlwaysOnMyMind_1988	Pet Shop Boys	Always On My Mind	1988	TRUE	TRUE	TRUE
Billboard	PetShopBoys_LoveComesQuickly_1986	Pet Shop Boys	Love Comes Quickly	1986	FALSE	TRUE	FALSE
Billboard	PetShopBoys_WhatHaveIDoneToDeserveThis_1988	Pet Shop Boys	What Have I Done To Deserve This?	1988	TRUE	TRUE	TRUE
Billboard	PetShopBoys_WhereTheStreetsHaveNoName_1991	Pet Shop Boys	Where The Streets Have No Name	1991	FALSE	TRUE	FALSE
Billboard	PeterGabriel_ShockTheMonkey_1982	Peter Gabriel	Shock The Monkey	1982	TRUE	TRUE	TRUE
Billboard	PhilCollins_TwoHearts_1989	Phil Collins	Two Hearts	1989	TRUE	TRUE	TRUE
Billboard	PinkFloyd_AnotherBrickInTheWall_1980	Pink Floyd	Another Brick In The Wall (Part II)	1980	TRUE	TRUE	TRUE
Billboard	PinkFloyd_Money_1973	Pink Floyd	Money	1973	TRUE	TRUE	TRUE
Billboard	Player_BabyComeBack_1978	Player	Baby Come Back	1978	FALSE	TRUE	FALSE
Billboard	Poison_UnskinnyBop_1990	Poison	Unskinny Bop	1990	FALSE	TRUE	FALSE
Billboard	Prince_TheArmsOfOrion_1989	Prince (With Sheena Easton)	The Arms Of Orion	1989	FALSE	TRUE	FALSE
Billboard	PsychedelicFurs_PrettyInPink_1986	Psychedelic Furs	Pretty In Pink	1986	FALSE	TRUE	FALSE
Billboard	PurePrairieLeague_Amie_1975	Pure Prairie League	Amie	1975	FALSE	TRUE	FALSE
Billboard	Quarterflash_HardenMyHeart_1982	Quarterflash	Harden My Heart	1982	TRUE	TRUE	TRUE
Billboard	Queen_WeAreTheChampions_1978	Queen	We Are The Champions	1978	TRUE	TRUE	TRUE
Billboard	Queensryche_SilentLucidity_1991	Queensryche	Silent Lucidity	1991	TRUE	TRUE	TRUE
Billboard	RDeanTaylor_IndianaWantsMe_1970	R. Dean Taylor	Indiana Wants Me	1970	FALSE	TRUE	FALSE
Billboard	REOSpeedwagon_TimeForMeToFly_1980	REO Speedwagon	Time For Me To Fly	1980	TRUE	TRUE	TRUE
Billboard	RandyVanwarmer_JustWhenINeededYouMost_1979	Randy Vanwarmer	Just When I Needed You Most	1979	FALSE	TRUE	FALSE
Billboard	RareEarth_GetReady_1970	Rare Earth	Get Ready	1970	FALSE	TRUE	FALSE
Billboard	RayCharles_CryingTime_1965	Ray Charles	Crying Time	1965	FALSE	TRUE	FALSE
Billboard	RayCharles_EleanorRigby_1968	Ray Charles	Eleanor Rigby	1968	FALSE	TRUE	FALSE
Billboard	RayCharles_LetsGoGetStoned_1966	Ray Charles	Let's Go Get Stoned	1966	FALSE	TRUE	FALSE
Billboard	RayCharles_TheRightTime_1959	Ray Charles	(Night Time Is) The Right Time	1959	FALSE	TRUE	FALSE
Billboard	RayParkerJr_Ghostbusters_1984	Ray Parker Jr.	Ghostbusters	1984	FALSE	TRUE	FALSE
Billboard	RayPrice_ForTheGoodTimes_1970	Ray Price	For The Good Times	1970	FALSE	TRUE	FALSE
Billboard	Redbone_ComeAndGetYourLove_1974	Redbone	Come And Get Your Love	1974	FALSE	TRUE	FALSE
Billboard	RickDerringer_RockAndRollHoochieKoo_1974	Rick Derringer	Rock And Roll, Hoochie Koo	1974	FALSE	TRUE	FALSE
Billboard	RickJames_GiveItToMeBaby_1981	Rick James	Give It To Me Baby	1981	FALSE	TRUE	FALSE
Billboard	RickJames_SuperFreak_1981	Rick James	Super Freak (Part I)	1981	TRUE	TRUE	TRUE
Billboard	RickSpringfield_DontTalkToStrangers_1982	Rick Springfield	Don't Talk To Strangers	1982	FALSE	TRUE	FALSE
Billboard	RickSpringfield_JessiesGirl_1981	Rick Springfield	Jessie's Girl	1981	FALSE	TRUE	FALSE
Billboard	RitaCoolidge_Fever_1973	Rita Coolidge	Fever	1973	FALSE	TRUE	FALSE
Billboard	RitaCoolidge_HigherAndHigher_1977	Rita Coolidge	(Your Love Has Lifted Me) Higher And Higher	1977	FALSE	TRUE	FALSE
Billboard	RitaCoolidge_TheWayYouDoTheThingsYouDo_1978	Rita Coolidge	The Way You Do The Things You Do	1978	FALSE	TRUE	FALSE
Billboard	RitaCoolidge_WereAllAlone_1977	Rita Coolidge	We're All Alone	1977	FALSE	TRUE	FALSE
Billboard	RobBase_ItTakesTwo_1988	Rob Base	It Takes Two	1988	FALSE	TRUE	FALSE
Billboard	RobertJohn_LonelyEyes_1980	Robert John	Lonely Eyes	1980	FALSE	TRUE	FALSE
Billboard	RobertJohn_SadEyes_1979	Robert John	Sad Eyes	1979	FALSE	TRUE	FALSE
Billboard	RobertPalmer_AddictedToLove_1986	Robert Palmer	Addicted To Love	1986	FALSE	TRUE	FALSE
Billboard	RobertaFlackAndDonnyHathaway_YouveGotAFriend_1971	Roberta Flack & Donny Hathaway	You've Got A Friend	1971	FALSE	TRUE	FALSE
Billboard	RobertaFlack_FeelLikeMakinLove_1974	Roberta Flack	Feel Like Makin' Love	1974	FALSE	TRUE	FALSE
Billboard	RockAndHyde_DirtyWater_1987	Rock And Hyde	Dirty Water	1987	FALSE	TRUE	FALSE
Billboard	Rockwell_SomebodysWatchingMe_1984	Rockwell	Somebody's Watching Me	1984	TRUE	TRUE	TRUE
Billboard	RodBernard_ThisShouldGoOnForever_1959	Rod Bernard	This Should Go On Forever	1959	FALSE	TRUE	FALSE
Billboard	RodStewart_MaggieMay_1971	Rod Stewart	Maggie May	1971	FALSE	TRUE	FALSE
Billboard	RodStewart_TwistinTheNightAway_1987	Rod Stewart	Twistin' The Night Away (from the film Innerspace)	1987	FALSE	TRUE	FALSE
Billboard	RogerMiller_YouCantRollerSkateInABuffaloHerd_1966	Roger Miller	You Can't Roller Skate In A Buffalo Herd	1966	TRUE	TRUE	TRUE
Billboard	RonnieMilsap_IWouldntHaveMissedItForTheWorld_1981	Ronnie Milsap	I Wouldn't Have Missed It For The World	1981	FALSE	TRUE	FALSE
Billboard	Roxette_TheLook_1989	Roxette	The Look	1989	TRUE	TRUE	TRUE
Billboard	RoxyMusic_DanceAway_1979	Roxy Music	Dance Away	1979	FALSE	TRUE	FALSE
Billboard	RoyDrusky_ThreeHeartsInATangle_1961	Roy Drusky	Three Hearts In A Tangle	1961	FALSE	TRUE	FALSE
Billboard	RoyHead_TreatHerRight_1965	Roy Head	Treat Her Right	1965	FALSE	TRUE	FALSE
Billboard	RoyOrbison_CrySoftlyLonelyOne_1967	Roy Orbison	Cry Softly Lonely One	1967	FALSE	TRUE	FALSE
Billboard	RunDMC_WalkThisWay_1986	Run-D.M.C.	Walk This Way	1986	FALSE	TRUE	FALSE
Billboard	Rush_TheSpiritOfRadio_1980	Rush	The Spirit Of Radio	1980	TRUE	TRUE	TRUE
Billboard	Sagittarius_MyWorldFellDown_1967	Sagittarius	My World Fell Down	1967	FALSE	TRUE	FALSE
Billboard	SammyHagar_GiveToLive_1987	Sammy Hagar	Give To Live	1987	FALSE	TRUE	FALSE
Billboard	SammyHagar_ICantDrive55_1984	Sammy Hagar	I Can't Drive 55	1984	TRUE	TRUE	TRUE
Billboard	Santana_EvilWays_1970	Santana	Evil Ways	1970	TRUE	TRUE	TRUE
Billboard	SantoAndJohnny_SleepWalk_1959	Santo & Johnny	Sleep Walk	1959	FALSE	TRUE	FALSE
Billboard	Shannon_LetTheMusicPlay_1984	Shannon	Let The Music Play	1984	FALSE	TRUE	FALSE
Billboard	ShirleyBrown_WomanToWoman_1975	Shirley Brown	Woman To Woman	1975	FALSE	TRUE	FALSE
Billboard	SimonAndGarfunkel_AHazyShadeOfWinter_1966	Simon & Garfunkel	A Hazy Shade Of Winter	1966	TRUE	TRUE	TRUE
Billboard	SimonAndGarfunkel_Cecilia_1970	Simon & Garfunkel	Cecilia	1970	TRUE	TRUE	TRUE
Billboard	SimonAndGarfunkel_ElCondorPasa_1970	Simon & Garfunkel	El Condor Pasa	1970	TRUE	TRUE	TRUE
Billboard	SimonAndGarfunkel_FakinIt_1967	Simon & Garfunkel	Fakin' It	1967	FALSE	TRUE	FALSE
Billboard	SimonAndGarfunkel_MrsRobinson_1968	Simon & Garfunkel	Mrs. Robinson	1968	TRUE	TRUE	TRUE
Billboard	SimonAndGarfunkel_TheSoundsOfSilence_1965	Simon & Garfunkel	The Sounds Of Silence	1965	TRUE	TRUE	TRUE
Billboard	SimpleMinds_SanctifyYourself_1986	Simple Minds	Sanctify Yourself	1986	TRUE	TRUE	TRUE
Billboard	SlyAndTheFamilyStone_HotFunInTheSummertime_1969	Sly & The Family Stone	Hot Fun In The Summertime	1969	FALSE	TRUE	FALSE
Billboard	SlyAndTheFamilyStone_IWantToTakeYouHigher_1969	Sly & The Family Stone	I Want To Take You Higher	1969	FALSE	TRUE	FALSE
Billboard	SmokeyRobinson_Cruisin_1980	Smokey Robinson	Cruisin'	1980	FALSE	TRUE	FALSE
Billboard	Snap_ThePower_1990	Snap	The Power	1990	FALSE	TRUE	FALSE
Billboard	SoftCell_TaintedLove_1982	Soft Cell	Tainted Love	1982	TRUE	TRUE	TRUE
Billboard	SolomonBurke_IfYouNeedMe_1963	Solomon Burke	If You Need Me	1963	FALSE	TRUE	FALSE
Billboard	SonnyAndCher_ACowboysWorkIsNeverDone_1972	Sonny & Cher	A Cowboys Work Is Never Done	1972	FALSE	TRUE	FALSE
Billboard	SonnyAndCher_AllIEverNeedIsYou_1971	Sonny & Cher	All I Ever Need Is You	1971	TRUE	TRUE	TRUE
Billboard	SonnyAndCher_BabyDontGo_1965	Sonny & Cher	Baby Don't Go	1965	FALSE	TRUE	FALSE
Billboard	SpandauBallet_True_1983	Spandau Ballet	TRUE	1983	TRUE	TRUE	TRUE
Billboard	StephanieMills_NeverKnewLoveLikeThisBefore_1980	Stephanie Mills	Never Knew Love Like This Before	1980	TRUE	TRUE	TRUE
Billboard	Steppenwolf_BornToBeWild_1968	Steppenwolf	Born To Be Wild	1968	TRUE	TRUE	TRUE
Billboard	SteveMillerBand_RocknMe_1976	Steve Miller Band	Rock'n Me	1976	TRUE	TRUE	TRUE
Billboard	SteveMillerBand_TheJoker_1973	Steve Miller Band	The Joker	1973	FALSE	TRUE	FALSE
Billboard	SteveWinwood_BackInTheHighLifeAgain_1987	Steve Winwood	Back In The High Life Again	1987	FALSE	TRUE	FALSE
Billboard	SteveWinwood_DontYouKnowWhatTheNightCanDo_1988	Steve Winwood	Don't You Know What The Night Can Do?	1988	FALSE	TRUE	FALSE
Billboard	StevieB_BecauseILoveYou_1991	Stevie B	Because I Love You (The Postman Song)	1991	TRUE	TRUE	TRUE
Billboard	StevieWonder_DoIDo_1982	Stevie Wonder	Do I Do	1982	FALSE	TRUE	FALSE
Billboard	StevieWonder_HigherGround_1973	Stevie Wonder	Higher Ground	1973	FALSE	TRUE	FALSE
Billboard	StevieWonder_IfYouReallyLoveMe_1971	Stevie Wonder	If You Really Love Me	1971	FALSE	TRUE	FALSE
Billboard	StevieWonder_ThatGirl_1982	Stevie Wonder	That Girl	1982	FALSE	TRUE	FALSE
Billboard	Sting_AllThisTime_1991	Sting	All This Time	1991	FALSE	TRUE	FALSE
Billboard	Sting_IfYouLoveSomebodySetThemFree_1985	Sting	If You Love Somebody Set Them Free	1985	FALSE	TRUE	FALSE
Billboard	StrayCats_IWontStandInYourWay_1983	Stray Cats	I Won't Stand In Your Way	1983	FALSE	TRUE	FALSE
Billboard	StrayCats_RockThisTown_1982	Stray Cats	Rock This Town	1982	FALSE	TRUE	FALSE
Billboard	SwinginMedallions_DoubleShot_1966	Swingin' Medallions	Double Shot (Of My Baby's Love)	1966	FALSE	TRUE	FALSE
Billboard	Switch_TherellNeverBe_1978	Switch	There'll Never Be	1978	FALSE	TRUE	FALSE
Billboard	TalkingHeads_AndSheWas_1985	Talking Heads	And She Was	1985	FALSE	TRUE	FALSE
Billboard	TalkingHeads_BurningDownTheHouse_1983	Talking Heads	Burning Down The House	1983	FALSE	TRUE	FALSE
Billboard	TanyaTucker_HeresSomeLove_1976	Tanya Tucker	Here's Some Love	1976	FALSE	TRUE	FALSE
Billboard	TeddyPendergrass_IDontLoveYouAnymore_1977	Teddy Pendergrass	I Don't Love You Anymore	1977	FALSE	TRUE	FALSE
Billboard	TenYearsAfter_IdLoveToChangeTheWorld_1971	Ten Years After	I'd Love To Change The World	1971	FALSE	TRUE	FALSE
Billboard	TevinCampbell_TellMeWhatYouWantMeToDo_1991	Tevin Campbell	Tell Me What You Want Me To Do	1991	FALSE	TRUE	FALSE
Billboard	The5thDimension_GoWhereYouWannaGo_1967	The 5th Dimension	Go Where You Wanna Go	1967	FALSE	TRUE	FALSE
Billboard	The5thDimension_IDidntGetToSleepAtAll_1972	The 5th Dimension	(Last Night) I Didn't Get To Sleep At All	1972	FALSE	TRUE	FALSE
Billboard	The5thDimension_IfICouldReachYou_1972	The 5th Dimension	If I Could Reach You	1972	TRUE	TRUE	TRUE
Billboard	The5thDimension_NeverMyLove_1971	The 5th Dimension	Never My Love	1971	FALSE	TRUE	FALSE
Billboard	The5thDimension_OneLessBellToAnswer_1971	The 5th Dimension	One Less Bell To Answer	1971	FALSE	TRUE	FALSE
Billboard	TheAlanParsonsProject_EyeInTheSky_1982	The Alan Parsons Project	Eye In The Sky	1982	FALSE	TRUE	FALSE
Billboard	TheAllmanBrothersBand_StraightFromTheHeart_1981	The Allman Brothers Band	Straight From The Heart	1981	FALSE	TRUE	FALSE
Billboard	TheAmboyDukes_JourneyToTheCenterOfTheMind_1968	The Amboy Dukes	Journey To The Center Of The Mind	1968	FALSE	TRUE	FALSE
Billboard	TheAnimals_SanFranciscanNights_1967	The Animals	San Franciscan Nights	1967	FALSE	TRUE	FALSE
Billboard	TheBabys_EveryTimeIThinkOfYou_1979	The Babys	Every Time I Think Of You	1979	FALSE	TRUE	FALSE
Billboard	TheBand_LifeIsACarnival_1971	The Band	Life Is A Carnival	1971	FALSE	TRUE	FALSE
Billboard	TheBeachBoys_BluebirdsOverTheMountain_1969	The Beach Boys	Bluebirds Over The Mountain	1969	FALSE	TRUE	FALSE
Billboard	TheBeachBoys_InMyRoom_1963	The Beach Boys	In My Room	1963	TRUE	TRUE	TRUE
Billboard	TheBeachBoys_Kokomo_1988	The Beach Boys	Kokomo (from the film Cocktail)	1988	TRUE	TRUE	TRUE
Billboard	TheBeachBoys_SailOnSailor_1975	The Beach Boys	Sail On Sailor	1975	FALSE	TRUE	FALSE
Billboard	TheBeachBoys_StillCruisin_1989	The Beach Boys	Still Cruisin	1989	FALSE	TRUE	FALSE
Billboard	TheBeachBoys_SurfinSafari_1962	The Beach Boys	Surfin' Safari	1962	FALSE	TRUE	FALSE
Billboard	TheBeachBoys_Wendy_1964	The Beach Boys	Wendy	1964	FALSE	TRUE	FALSE
Billboard	TheBeatles_AHardDaysNight_1964	The Beatles	A Hard Day's Night	1964	TRUE	TRUE	TRUE
Billboard	TheBeatles_ComeTogether_1969	The Beatles	Come Together	1969	TRUE	TRUE	TRUE
Billboard	TheBeatles_DoYouWantToKnowASecret_1964	The Beatles	Do You Want To Know A Secret	1964	FALSE	TRUE	FALSE
Billboard	TheBeatles_EightDaysAWeek_1965	The Beatles	Eight Days A Week	1965	TRUE	TRUE	TRUE
Billboard	TheBeatles_Help_1965	The Beatles	Help!	1965	TRUE	TRUE	TRUE
Billboard	TheBeatles_IDontWantToSpoilTheParty_1965	The Beatles	I Don't Want To Spoil The Party	1965	FALSE	TRUE	FALSE
Billboard	TheBeatles_ISawHerStandingThere_1964	The Beatles	I Saw Her Standing There	1964	TRUE	TRUE	TRUE
Billboard	TheBeatles_LoveMeDo_1964	The Beatles	Love Me Do	1964	TRUE	TRUE	TRUE
Billboard	TheBeatles_ObLaDiObLaDa_1976	The Beatles	Ob-La-Di, Ob-La-Da	1976	TRUE	TRUE	TRUE
Billboard	TheBeatles_ShesAWoman_1964	The Beatles	She's A Woman	1964	FALSE	TRUE	FALSE
Billboard	TheBoxTops_CryLikeABaby_1968	The Box Tops	Cry Like A Baby	1968	FALSE	TRUE	FALSE
Billboard	TheBoys_DialMyHeart_1988	The Boys	Dial My Heart	1988	FALSE	TRUE	FALSE
Billboard	TheBuckinghams_KindOfADrag_1967	The Buckinghams	Kind Of A Drag	1967	FALSE	TRUE	FALSE
Billboard	TheByrds_EightMilesHigh_1966	The Byrds	Eight Miles High	1966	FALSE	TRUE	FALSE
Billboard	TheByrds_GoinBack_1967	The Byrds	Goin' Back	1967	FALSE	TRUE	FALSE
Billboard	TheCastaways_LiarLiar_1965	The Castaways	Liar, Liar	1965	FALSE	TRUE	FALSE
Billboard	TheChiffons_HesSoFine_1963	The Chiffons	He's So Fine	1963	TRUE	TRUE	TRUE
Billboard	TheChiffons_SweetTalkinGuy_1966	The Chiffons	Sweet Talkin' Guy	1966	TRUE	TRUE	TRUE
Billboard	TheContours_DoYouLoveMe_1988	The Contours	Do You Love Me	1988	FALSE	TRUE	FALSE
Billboard	TheCowsills_Hair_1969	The Cowsills	Hair	1969	FALSE	TRUE	FALSE
Billboard	TheCowsills_SilverThreadsAndGoldenNeedles_1969	The Cowsills	Silver Threads And Golden Needles	1969	FALSE	TRUE	FALSE
Billboard	TheCrystals_HesARebel_1962	The Crystals	He's A Rebel	1962	TRUE	TRUE	TRUE
Billboard	TheCrystals_TheresNoOther_1961	The Crystals	There's No Other (Like My Baby)	1961	FALSE	TRUE	FALSE
Billboard	TheCure_JustLikeHeaven_1988	The Cure	Just Like Heaven	1988	FALSE	TRUE	FALSE
Billboard	TheDoobieBrothers_EchoesOfLove_1977	The Doobie Brothers	Echoes Of Love	1977	FALSE	TRUE	FALSE
Billboard	TheDoors_RidersOnTheStorm_1971	The Doors	Riders On The Storm	1971	TRUE	TRUE	TRUE
Billboard	TheDramatics_HeyYouGetOffMyMountain_1973	The Dramatics	Hey You! Get Off My Mountain	1973	FALSE	TRUE	FALSE
Billboard	TheDrifters_OnBroadway_1963	The Drifters	On Broadway	1963	FALSE	TRUE	FALSE
Billboard	TheEagles_AlreadyGone_1974	The Eagles	Already Gone	1974	TRUE	TRUE	TRUE
Billboard	TheEagles_BestOfMyLove_1975	The Eagles	Best Of My Love	1975	FALSE	TRUE	FALSE
Billboard	TheEagles_LyinEyes_1975	The Eagles	Lyin' Eyes	1975	TRUE	TRUE	TRUE
Billboard	TheEagles_TheLongRun_1980	The Eagles	The Long Run	1980	FALSE	TRUE	FALSE
Billboard	TheElectricPrunes_IHadTooMuchToDream_1967	The Electric Prunes	I Had Too Much To Dream (Last Night)	1967	TRUE	TRUE	TRUE
Billboard	TheEverlyBrothers_BirdDog_1958	The Everly Brothers	Bird Dog	1958	TRUE	TRUE	TRUE
Billboard	TheEverlyBrothers_EbonyEyes_1961	The Everly Brothers	Ebony Eyes	1961	FALSE	TRUE	FALSE
Billboard	TheEverlyBrothers_OnTheWingsOfANightingale_1984	The Everly Brothers	On The Wings Of A Nightingale	1984	FALSE	TRUE	FALSE
Billboard	TheEverlyBrothers_ThatsOldFashioned_1962	The Everly Brothers	That's Old Fashioned (That's The Way Love Should Be)	1962	TRUE	TRUE	TRUE
Billboard	TheEverlyBrothers_WalkRightBack_1961	The Everly Brothers	Walk Right Back	1961	TRUE	TRUE	TRUE
Billboard	TheFabulousThunderbirds_TuffEnuff_1986	The Fabulous Thunderbirds	Tuff Enuff	1986	FALSE	TRUE	FALSE
Billboard	TheFalcons_IFoundALove_1962	The Falcons	I Found A Love	1962	FALSE	TRUE	FALSE
Billboard	TheFireballs_SugarShack_1963	The Fireballs	Sugar Shack	1963	FALSE	TRUE	FALSE
Billboard	TheGregKihnBand_HappyMan_1982	The Greg Kihn Band	Happy Man	1982	FALSE	TRUE	FALSE
Billboard	TheGregKihnBand_Lucky_1985	The Greg Kihn Band	Lucky	1985	FALSE	TRUE	FALSE
Billboard	TheHollies_CarrieAnne_1967	The Hollies	Carrie-Anne	1967	TRUE	TRUE	TRUE
Billboard	TheHollies_LongDarkRoad_1972	The Hollies	Long Dark Road	1972	FALSE	TRUE	FALSE
Billboard	TheIsleyBrothers_ItsYourThing_1969	The Isley Brothers	It's Your Thing	1969	FALSE	TRUE	FALSE
Billboard	TheJGeilsBand_FreezeFrame_1982	The J. Geils Band	Freeze-Frame	1982	TRUE	TRUE	TRUE
Billboard	TheJGeilsBand_JustCantWait_1980	The J. Geils Band	Just Can't Wait	1980	FALSE	TRUE	FALSE
Billboard	TheJGeilsBand_LookingForALove_1972	The J. Geils Band	Looking For A Love	1972	FALSE	TRUE	FALSE
Billboard	TheJGeilsBand_MustOfGotLost_1974	The J. Geils Band	Must Of Got Lost	1974	FALSE	TRUE	FALSE
Billboard	TheJGeilsBand_OneLastKiss_1978	The J. Geils Band	One Last Kiss	1978	FALSE	TRUE	FALSE
Billboard	TheJackson5_DancingMachine_1974	The Jackson 5	Dancing Machine	1974	FALSE	TRUE	FALSE
Billboard	TheJackson5_IWantYouBack_1969	The Jackson 5	I Want You Back	1969	FALSE	TRUE	FALSE
Billboard	TheKendalls_HeavensJustASinAway_1977	The Kendalls	Heaven's Just A Sin Away	1977	TRUE	TRUE	TRUE
Billboard	TheKinks_BetterThings_1981	The Kinks	Better Things	1981	TRUE	TRUE	TRUE
Billboard	TheKinks_TillTheEndOfTheDay_1966	The Kinks	Till The End Of The Day	1966	TRUE	TRUE	TRUE
Billboard	TheLas_ThereSheGoes_1991	The La's	There She Goes	1991	TRUE	TRUE	TRUE
Billboard	TheMeters_LookKaPyPy_1970	The Meters	Look-Ka Py Py	1970	TRUE	TRUE	TRUE
Billboard	TheMiracles_BabyBabyDontCry_1969	The Miracles	Baby, Baby Don't Cry	1969	FALSE	TRUE	FALSE
Billboard	TheMiracles_IDontBlameYouAtAll_1971	The Miracles	I Don't Blame You At All	1971	TRUE	TRUE	TRUE
Billboard	TheMiracles_ISecondThatEmotion_1968	The Miracles	I Second That Emotion	1968	FALSE	TRUE	FALSE
Billboard	TheMiracles_MightyGoodLovin_1961	The Miracles	Mighty Good Lovin'	1961	FALSE	TRUE	FALSE
Billboard	TheMoments_WalkRightIn_1963	The Moments	Walk Right In	1963	FALSE	TRUE	FALSE
Billboard	TheMusicExplosion_LittleBitOSoul_1967	The Music Explosion	Little Bit O' Soul	1967	FALSE	TRUE	FALSE
Billboard	TheMusicMachine_ThePeopleInMe_1967	The Music Machine	The People In Me	1967	FALSE	TRUE	FALSE
Billboard	TheOJays_LoveTrain_1973	The O'Jays	Love Train	1973	FALSE	TRUE	FALSE
Billboard	TheOsmonds_OneBadApple_1971	The Osmonds	One Bad Apple	1971	FALSE	TRUE	FALSE
Billboard	ThePointerSisters_HesSoShy_1980	The Pointer Sisters	He's So Shy	1980	FALSE	TRUE	FALSE
Billboard	ThePointerSisters_Jump_1984	The Pointer Sisters	Jump (for My Love)	1984	FALSE	TRUE	FALSE
Billboard	ThePolice_DontStandSoCloseToMe_1981	The Police	Don't Stand So Close To Me	1981	TRUE	TRUE	TRUE
Billboard	ThePolice_EveryLittleThingSheDoesIsMagic_1981	The Police	Every Little Thing She Does Is Magic	1981	FALSE	TRUE	FALSE
Billboard	ThePolice_SpiritsInTheMaterialWorld_1982	The Police	Spirits In The Material World	1982	FALSE	TRUE	FALSE
Billboard	ThePowerStation_SomeLikeItHot_1985	The Power Station	Some Like It Hot	1985	FALSE	TRUE	FALSE
Billboard	TheRascals_PeopleGotToBeFree_1968	The Rascals	People Got To Be Free	1968	TRUE	TRUE	TRUE
Billboard	TheRembrandts_Someone_1991	The Rembrandts	Someone	1991	TRUE	TRUE	TRUE
Billboard	TheRighteousBrothers_SoulAndInspiration_1966	The Righteous Brothers	(You're My) Soul And Inspiration	1966	FALSE	TRUE	FALSE
Billboard	TheRighteousBrothers_UnchainedMelody_1965	The Righteous Brothers	Unchained Melody	1965	TRUE	TRUE	TRUE
Billboard	TheRitchieFamily_TheBestDiscoInTown_1976	The Ritchie Family	The Best Disco In Town	1976	FALSE	TRUE	FALSE
Billboard	TheRobertCrayBand_SmokingGun_1987	The Robert Cray Band	Smoking Gun	1987	TRUE	TRUE	TRUE
Billboard	TheRollingStones_Dandelion_1967	The Rolling Stones	Dandelion	1967	FALSE	TRUE	FALSE
Billboard	TheRollingStones_DooDooDooDooDoo_1974	The Rolling Stones	Doo Doo Doo Doo Doo (Heartbreaker)	1974	FALSE	TRUE	FALSE
Billboard	TheRollingStones_GoingToAGoGo_1982	The Rolling Stones	Going To A Go-Go	1982	FALSE	TRUE	FALSE
Billboard	TheRollingStones_HaveYouSeenYourMotherBabyStandingInTheShadow_1966	The Rolling Stones	Have You Seen Your Mother, Baby, Standing In The Shadow?	1966	FALSE	TRUE	FALSE
Billboard	TheRollingStones_HonkyTonkWomen_1969	The Rolling Stones	Honky Tonk Women	1969	TRUE	TRUE	TRUE
Billboard	TheRollingStones_ItsOnlyRockNRoll_1974	The Rolling Stones	It's Only Rock 'N Roll (But I Like It)	1974	FALSE	TRUE	FALSE
Billboard	TheRollingStones_MissYou_1978	The Rolling Stones	Miss You	1978	TRUE	TRUE	TRUE
Billboard	TheRollingStones_NotFadeAway_1964	The Rolling Stones	Not Fade Away	1964	FALSE	TRUE	FALSE
Billboard	TheRollingStones_TimeIsOnMySide_1964	The Rolling Stones	Time Is On My Side	1964	TRUE	TRUE	TRUE
Billboard	TheRollingStones_TumblingDice_1972	The Rolling Stones	Tumbling Dice	1972	FALSE	TRUE	FALSE
Billboard	TheRollingStones_WaitingOnAFriend_1982	The Rolling Stones	Waiting On A Friend	1982	FALSE	TRUE	FALSE
Billboard	TheRollingStones_WildHorses_1971	The Rolling Stones	Wild Horses	1971	TRUE	TRUE	TRUE
Billboard	TheRonettes_BeMyBaby_1963	The Ronettes	Be My Baby	1963	TRUE	TRUE	TRUE
Billboard	TheShirelles_WillYouLoveMeTomorrow_1961	The Shirelles	Will You Love Me Tomorrow	1961	TRUE	TRUE	TRUE
Billboard	TheSopwithCamel_HelloHello_1967	The Sopwith Camel	Hello Hello	1967	FALSE	TRUE	FALSE
Billboard	TheStapleSingers_CityInTheSky_1974	The Staple Singers	City In The Sky	1974	FALSE	TRUE	FALSE
Billboard	TheStapleSingers_IllTakeYouThere_1972	The Staple Singers	I'll Take You There	1972	FALSE	TRUE	FALSE
Billboard	TheStringALongs_Wheels_1961	The String-A-Longs	Wheels	1961	FALSE	TRUE	FALSE
Billboard	TheSupremes_FloyJoy_1972	The Supremes	Floy Joy	1972	FALSE	TRUE	FALSE
Billboard	TheSupremes_StonedLove_1970	The Supremes	Stoned Love	1970	FALSE	TRUE	FALSE
Billboard	TheTeeSet_MaBelleAmie_1970	The Tee Set	Ma Belle Amie	1970	FALSE	TRUE	FALSE
Billboard	TheTemptations_AintTooProudToBeg_1966	The Temptations	Ain't Too Proud To Beg	1966	FALSE	TRUE	FALSE
Billboard	TheTemptations_IWishItWouldRain_1968	The Temptations	I Wish It Would Rain	1968	FALSE	TRUE	FALSE
Billboard	TheTrammps_DiscoInferno_1977	The Trammps	Disco Inferno	1977	TRUE	TRUE	TRUE
Billboard	TheTurtles_HappyTogether_1967	The Turtles	Happy Together	1967	TRUE	TRUE	TRUE
Billboard	TheVentures_Perfidia_1960	The Ventures	Perfidia	1960	FALSE	TRUE	FALSE
Billboard	TheWeatherGirls_ItsRainingMen_1983	The Weather Girls	It's Raining Men	1983	TRUE	TRUE	TRUE
Billboard	TheWho_HappyJack_1967	The Who	Happy Jack	1967	TRUE	TRUE	TRUE
Billboard	TheWho_PinballWizard_1969	The Who	Pinball Wizard	1969	TRUE	TRUE	TRUE
Billboard	TheYardbirds_HeartFullOfSoul_1965	The Yardbirds	Heart Full Of Soul	1965	FALSE	TRUE	FALSE
Billboard	TheYardbirds_ShapesOfThings_1966	The Yardbirds	Shapes Of Things	1966	FALSE	TRUE	FALSE
Billboard	TheYoungbloods_GetTogether_1969	The Youngbloods	Get Together	1969	FALSE	TRUE	FALSE
Billboard	ThelmaHouston_DontLeaveMeThisWay_1977	Thelma Houston	Don't Leave Me This Way	1977	FALSE	TRUE	FALSE
Billboard	TinaTurner_PrivateDancer_1985	Tina Turner	Private Dancer	1985	FALSE	TRUE	FALSE
Billboard	TinaTurner_TheBest_1989	Tina Turner	The Best	1989	TRUE	TRUE	TRUE
Billboard	TinaTurner_WeDontNeedAnotherHero_1985	Tina Turner	We Don't Need Another Hero (Thunderdome)	1985	TRUE	TRUE	TRUE
Billboard	TinaTurner_WhatYouGetIsWhatYouSee_1987	Tina Turner	What You Get Is What You See	1987	FALSE	TRUE	FALSE
Billboard	TinaTurner_WhatsLoveGotToDoWithIt_1984	Tina Turner	What's Love Got To Do With It	1984	TRUE	TRUE	TRUE
Billboard	ToddRundgren_ADreamGoesOnForever_1974	Todd Rundgren	A Dream Goes On Forever	1974	FALSE	TRUE	FALSE
Billboard	ToddRundgren_CanWeStillBeFriends_1978	Todd Rundgren	Can We Still Be Friends	1978	FALSE	TRUE	FALSE
Billboard	TomJones_ShesALady_1971	Tom Jones	She's A Lady	1971	TRUE	TRUE	TRUE
Billboard	TomTHall_ILove_1973	Tom T. Hall	I Love	1973	FALSE	TRUE	FALSE
Billboard	TomTHall_TheYearThatClaytonDelaneyDied_1971	Tom T. Hall	The Year That Clayton Delaney Died	1971	FALSE	TRUE	FALSE
Billboard	TommyJames_CrystalBluePersuasion_1969	Tommy James	Crystal Blue Persuasion	1969	FALSE	TRUE	FALSE
Billboard	TommyJames_MonyMony_1968	Tommy James	Mony Mony	1968	FALSE	TRUE	FALSE
Billboard	TracieSpencer_ThisHouse_1990	Tracie Spencer	This House	1990	FALSE	TRUE	FALSE
Billboard	TracyChapman_BabyCanIHoldYou_1989	Tracy Chapman	Baby Can I Hold You	1989	FALSE	TRUE	FALSE
Billboard	U2_WithOrWithoutYou_1987	U2	With Or Without You	1987	TRUE	TRUE	TRUE
Billboard	UB40_RedRedWine_1984	UB40	Red Red Wine	1984	TRUE	TRUE	TRUE
Billboard	UB40_TheWayYouDoTheThingsYouDo_1990	UB40	The Way You Do The Things You Do	1990	FALSE	TRUE	FALSE
Billboard	UrbanDanceSquad_DeeperShadeOfSoul_1991	Urban Dance Squad	Deeper Shade Of Soul	1991	FALSE	TRUE	FALSE
Billboard	VanHalen_WhenItsLove_1988	Van Halen	When It's Love	1988	TRUE	TRUE	TRUE
Billboard	VillagePeople_InTheNavy_1979	Village People	In The Navy	1979	TRUE	TRUE	TRUE
Billboard	WangChung_DanceHallDays_1984	Wang Chung	Dance Hall Days	1984	FALSE	TRUE	FALSE
Billboard	WaylonJennings_AreYouSureHankDoneItThisWay_1975	Waylon Jennings	Are You Sure Hank Done It This Way	1975	FALSE	TRUE	FALSE
Billboard	WaylonJennings_ThemeFromTheDukesOfHazzard_1980	Waylon Jennings	Theme From The Dukes Of Hazzard (Good Ol' Boys)	1980	FALSE	TRUE	FALSE
Billboard	Wednesday_LastKiss_1974	Wednesday	Last Kiss	1974	FALSE	TRUE	FALSE
Billboard	Wham_WakeMeUpBeforeYouGoGo_1984	Wham!	Wake Me Up Before You Go-Go	1984	TRUE	TRUE	TRUE
Billboard	Whitesnake_HereIGoAgain_1987	Whitesnake	Here I Go Again	1987	TRUE	TRUE	TRUE
Billboard	WildCherry_PlayThatFunkyMusic_1976	Wild Cherry	Play That Funky Music	1976	FALSE	TRUE	FALSE
Billboard	WillieMitchell_2075_1964	Willie Mitchell	20-75	1964	FALSE	TRUE	FALSE
Billboard	WillieNelson_BlueEyesCryingInTheRain_1975	Willie Nelson	Blue Eyes Crying In The Rain	1975	FALSE	TRUE	FALSE
Billboard	WilsonPhillips_HoldOn_1990	Wilson Phillips	Hold On	1990	TRUE	TRUE	TRUE
Billboard	WilsonPickett_DontKnockMyLovePt1_1971	Wilson Pickett	Don't Knock My Love - Pt. 1	1971	FALSE	TRUE	FALSE
Billboard	WilsonPickett_IFoundATrueLove_1968	Wilson Pickett	I Found A True Love	1968	FALSE	TRUE	FALSE
Billboard	WilsonPickett_ImInLove_1967	Wilson Pickett	I'm In Love	1967	FALSE	TRUE	FALSE
Billboard	WilsonPickett_InTheMidnightHour_1965	Wilson Pickett	In The Midnight Hour	1965	FALSE	TRUE	FALSE
Billboard	WilsonPickett_SoulDanceNumberThree_1967	Wilson Pickett	Soul Dance Number Three	1967	FALSE	TRUE	FALSE
Billboard	Yaz_Situation_1982	Yaz	Situation	1982	FALSE	TRUE	FALSE
Billboard	YoungMC_BustAMove_1990	Young MC	Bust A Move	1990	FALSE	TRUE	FALSE
Billboard	YvonneElliman_IfICantHaveYou_1978	Yvonne Elliman	If I Can't Have You	1978	FALSE	TRUE	FALSE
Billboard	ZZTop_LaGrange_1974	ZZ Top	La Grange	1974	FALSE	TRUE	FALSE
Rolling Stone	OtisRedding_TheDockOfTheBay_1968	Otis Redding	(Sittin' on) the Dock of the Bay	1968	TRUE	TRUE	TRUE
Rolling Stone	BillHaley_RockAroundTheClock_1954	Bill Haley and His Comets	(We're Gonna) Rock Around the Clock	1954	TRUE	TRUE	FALSE
Rolling Stone	Prince_1999_1982	Prince	1999	1982	TRUE	TRUE	TRUE
Rolling Stone	SamCooke_AChangeIsGonnaCome_1964	Sam Cooke	A Change Is Gonna Come	1964	TRUE	TRUE	FALSE
Rolling Stone	TheBeatles_ADayInTheLife_1967	The Beatles	A Day in the Life	1967	TRUE	TRUE	TRUE
Rolling Stone	TheBeatles_AHardDaysNight_1964	The Beatles	A Hard Day's Night	1964	TRUE	TRUE	FALSE
Rolling Stone	ProcolHarum_AWhiterShadeOfPale_1967	Procol Harum	A Whiter Shade of Pale	1967	TRUE	TRUE	FALSE
Rolling Stone	TheJimiHendrixExperience_AllAlongTheWatchtower_1968	The Jimi Hendrix Experience	All Along the Watchtower	1968	TRUE	TRUE	FALSE
Rolling Stone	Nirvana_AllApologies_1993	Nirvana	All Apologies	1993	TRUE	TRUE	TRUE
Rolling Stone	TheEverlyBrothers_AllIHaveToDoIsDream_1958	The Everly Brothers	All I Have to Do Is Dream	1958	TRUE	TRUE	FALSE
Rolling Stone	SexPistols_AnarchyInTheUK_1977	Sex Pistols	Anarchy in the U.K.	1977	TRUE	TRUE	TRUE
Rolling Stone	ACDC_BackInBlack_1980	AC/DC	Back in Black	1980	TRUE	TRUE	TRUE
Rolling Stone	TheRonettes_BeMyBaby_1963	The Ronettes	Be My Baby	1963	TRUE	TRUE	TRUE
Rolling Stone	GeneVincent_BeBopALula_1956	Gene Vincent	Be-Bop-A-Lula	1956	TRUE	TRUE	FALSE
Rolling Stone	MichaelJackson_BillieJean_1983	Michael Jackson	Billie Jean	1983	TRUE	TRUE	TRUE
Rolling Stone	TheVerve_BitterSweetSymphony_1997	The Verve	Bitter Sweet Symphony	1997	TRUE	TRUE	TRUE
Rolling Stone	NewOrder_BizarreLoveTriangle_1986	New Order	Bizarre Love Triangle	1986	TRUE	TRUE	TRUE
Rolling Stone	TheRamones_BlitzkriegBop_1976	The Ramones	Blitzkrieg Bop	1976	TRUE	TRUE	TRUE
Rolling Stone	BobDylan_BlowinInTheWind_1963	Bob Dylan	Blowin' in the Wind	1963	TRUE	TRUE	TRUE
Rolling Stone	CarlPerkins_BlueSuedeShoes_1956	Carl Perkins	Blue Suede Shoes	1956	TRUE	TRUE	FALSE
Rolling Stone	FatsDomino_BlueberryHill_1956	Fats Domino	Blueberry Hill	1956	TRUE	TRUE	FALSE
Rolling Stone	BoDiddley_BoDiddley_1955	Bo Diddley	Bo Diddley	1955	TRUE	TRUE	TRUE
Rolling Stone	Queen_BohemianRhapsody_1975	Queen	Bohemian Rhapsody	1975	TRUE	TRUE	FALSE
Rolling Stone	Steppenwolf_BornToBeWild_1968	Steppenwolf	Born To Be Wild	1968	TRUE	TRUE	FALSE
Rolling Stone	BruceSpringsteen_BornToRun_1975	Bruce Springsteen	Born to Run	1975	TRUE	TRUE	TRUE
Rolling Stone	JoniMitchell_BothSidesNow_1969	Joni Mitchell	Both Sides Now	1969	TRUE	TRUE	FALSE
Rolling Stone	SimonAndGarfunkel_BridgeOverTroubledWater_1970	Simon and Garfunkel	Bridge Over Troubled Water	1970	TRUE	TRUE	TRUE
Rolling Stone	VanMorrison_BrownEyedGirl_1967	Van Morrison	Brown Eyed Girl	1967	TRUE	TRUE	FALSE
Rolling Stone	TheMamasAndThePapas_CaliforniaDreamin_1965	The Mamas & the Papas	California Dreamin'	1965	TRUE	TRUE	FALSE
Rolling Stone	TheBeachBoys_CaliforniaGirls_1965	The Beach Boys	California Girls	1965	TRUE	TRUE	FALSE
Rolling Stone	2Pac_CaliforniaLove_1996	2Pac	California Love	1996	TRUE	TRUE	TRUE
Rolling Stone	TheEverlyBrothers_CathysClown_1960	The Everly Brothers	Cathy's Clown	1960	TRUE	TRUE	FALSE
Rolling Stone	DavidBowie_Changes_1971	David Bowie	Changes	1971	TRUE	TRUE	FALSE
Rolling Stone	Nirvana_ComeAsYouAre_1991	Nirvana	Come As You Are	1991	TRUE	TRUE	TRUE
Rolling Stone	PatsyCline_Crazy_1961	Patsy Cline	Crazy	1961	TRUE	TRUE	FALSE
Rolling Stone	RoyOrbison_Crying_1961	Roy Orbison	Crying	1961	TRUE	TRUE	FALSE
Rolling Stone	TheCrystals_DaDooRonRon_1963	The Crystals	Da Doo Ron Ron	1963	TRUE	TRUE	FALSE
Rolling Stone	MarthaAndTheVandellas_DancingInTheStreet_1964	Martha and the Vandellas	Dancing in the Street	1964	TRUE	TRUE	FALSE
Rolling Stone	ABBA_DancingQueen_1976	ABBA	Dancing Queen	1976	TRUE	TRUE	FALSE
Rolling Stone	TheBeachBoys_DontWorryBaby_1964	The Beach Boys	Don't Worry Baby	1964	TRUE	TRUE	FALSE
Rolling Stone	Aerosmith_DreamOn_1973	Aerosmith	Dream On	1973	TRUE	TRUE	FALSE
Rolling Stone	ThePenguins_EarthAngel_1954	The Penguins	Earth Angel	1954	TRUE	TRUE	FALSE
Rolling Stone	TheByrds_EightMilesHigh_1966	The Byrds	Eight Miles High	1966	TRUE	TRUE	FALSE
Rolling Stone	TheBeatles_EleanorRigby_1966	The Beatles	Eleanor Rigby	1966	TRUE	TRUE	FALSE
Rolling Stone	Metallica_EnterSandman_1991	Metallica	Enter Sandman	1991	TRUE	TRUE	TRUE
Rolling Stone	ThePolice_EveryBreathYouTake_1983	The Police	Every Breath You Take	1983	TRUE	TRUE	TRUE
Rolling Stone	SlyAndTheFamilyStone_EverydayPeople_1968	Sly and the Family Stone	Everyday People	1968	TRUE	TRUE	FALSE
Rolling Stone	Radiohead_FakePlasticTrees_1995	Radiohead	Fake Plastic Trees	1995	TRUE	TRUE	TRUE
Rolling Stone	SlyAndTheFamilyStone_FamilyAffair_1971	Sly and the Family Stone	Family Affair	1971	TRUE	TRUE	FALSE
Rolling Stone	TracyChapman_FastCar_1988	Tracy Chapman	Fast Car	1988	TRUE	TRUE	TRUE
Rolling Stone	JohnnyCash_FolsomPrisonBlues_1956	Johnny Cash	Folsom Prison Blues	1956	TRUE	TRUE	FALSE
Rolling Stone	BuffaloSpringfield_ForWhatItsWorth_1967	Buffalo Springfield	For What It's Worth	1967	TRUE	TRUE	FALSE
Rolling Stone	CreedenceClearwaterRevival_FortunateSon_1969	Creedence Clearwater Revival	Fortunate Son	1969	TRUE	TRUE	FALSE
Rolling Stone	TheJimiHendrixExperience_FoxeyLady_1965	The Jimi Hendrix Experience	Foxey Lady	1965	TRUE	TRUE	FALSE
Rolling Stone	TomPetty_FreeFallin_1989	Tom Petty	Free Fallin'	1989	TRUE	TRUE	TRUE
Rolling Stone	RayCharles_GeorgiaOnMyMind_1960	Ray Charles	Georgia On My Mind	1960	TRUE	TRUE	FALSE
Rolling Stone	TheRollingStones_GimmeShelter_1969	The Rolling Stones	Gimme Shelter	1969	TRUE	TRUE	FALSE
Rolling Stone	FleetwoodMac_GoYourOwnWay_1977	Fleetwood Mac	Go Your Own Way	1977	TRUE	TRUE	FALSE
Rolling Stone	TheBeachBoys_GodOnlyKnows_1966	The Beach Boys	God Only Knows	1966	TRUE	TRUE	FALSE
Rolling Stone	TheSexPistols_GodSaveTheQueen_1977	The Sex Pistols	God Save the Queen	1977	TRUE	TRUE	FALSE
Rolling Stone	LittleRichard_GoodGollyMissMolly_1958	Little Richard	Good Golly, Miss Molly	1958	TRUE	TRUE	TRUE
Rolling Stone	TheBeachBoys_GoodVibrations_1966	The Beach Boys	Good Vibrations	1966	TRUE	TRUE	FALSE
Rolling Stone	JerryLeeLewis_GreatBallsOfFire_1957	Jerry Lee Lewis	Great Balls Of Fire	1957	TRUE	TRUE	TRUE
Rolling Stone	JeffBuckley_Hallelujah_1994	Jeff Buckley	Hallelujah	1994	TRUE	TRUE	FALSE
Rolling Stone	ElvisPresley_HeartbreakHotel_1956	Elvis Presley	Heartbreak Hotel	1956	TRUE	TRUE	FALSE
Rolling Stone	TheBeatles_Help_1965	The Beatles	Help!	1965	TRUE	TRUE	TRUE
Rolling Stone	DavidBowie_Heroes_1977	David Bowie	Heroes	1977	TRUE	TRUE	TRUE
Rolling Stone	TheBeatles_HeyJude_1968	The Beatles	Hey Jude	1968	TRUE	TRUE	TRUE
Rolling Stone	TheRollingStones_HonkyTonkWomen_1969	The Rolling Stones	Honky Tonk Women	1969	TRUE	TRUE	FALSE
Rolling Stone	DonnaSummer_HotStuff_1979	Donna Summer	Hot Stuff	1979	TRUE	TRUE	TRUE
Rolling Stone	TheEagles_HotelCalifornia_1976	The Eagles	Hotel California	1976	TRUE	TRUE	TRUE
Rolling Stone	ElvisPresley_HoundDog_1956	Elvis Presley	Hound Dog	1956	TRUE	TRUE	FALSE
Rolling Stone	TheAnimals_HouseOfTheRisingSun_1964	The Animals	House of the Rising Sun	1964	TRUE	TRUE	FALSE
Rolling Stone	RKelly_IBelieveICanFly_1996	R. Kelly	I Believe I Can Fly	1996	TRUE	TRUE	TRUE
Rolling Stone	BonnieRaitt_ICantMakeYouLoveMe_1991	Bonnie Raitt	I Can't Make You Love Me	1991	TRUE	TRUE	TRUE
Rolling Stone	RayCharles_ICantStopLovingYou_1962	Ray Charles	I Can't Stop Loving You	1962	TRUE	TRUE	FALSE
Rolling Stone	TheBobbyFullerFour_IFoughtTheLaw_1966	The Bobby Fuller Four	I Fought the Law	1966	TRUE	TRUE	FALSE
Rolling Stone	JamesBrown_IGotYou_1965	James Brown	I Got You (I Feel Good)	1965	TRUE	TRUE	FALSE
Rolling Stone	MarvinGaye_IHeardItThroughTheGrapevine_1968	Marvin Gaye	I Heard It Through the Grapevine	1968	TRUE	TRUE	FALSE
Rolling Stone	TheFlamingos_IOnlyHaveEyesForYou_1959	The Flamingos	I Only Have Eyes for You	1959	TRUE	TRUE	FALSE
Rolling Stone	TheBeatles_ISawHerStandingThere_1964	The Beatles	I Saw Her Standing There	1964	TRUE	TRUE	FALSE
Rolling Stone	U2_IStillHaventFoundWhatImLookingFor_1987	U2	I Still Haven't Found What I'm Looking For	1987	TRUE	TRUE	TRUE
Rolling Stone	JohnnyCash_IWalkTheLine_1956	Johnny Cash	I Walk the Line	1956	TRUE	TRUE	TRUE
Rolling Stone	TheRamones_IWannaBeSedated_1978	The Ramones	I Wanna Be Sedated	1978	TRUE	TRUE	FALSE
Rolling Stone	TheBeatles_IWantToHoldYourHand_1963	The Beatles	I Want to Hold Your Hand	1963	TRUE	TRUE	TRUE
Rolling Stone	TheJackson5_IWantYouBack_1969	The Jackson 5	I Want You Back	1969	TRUE	TRUE	FALSE
Rolling Stone	HankWilliams_ImSoLonesomeICouldCry_1949	Hank Williams	I'm So Lonesome I Could Cry	1949	TRUE	TRUE	FALSE
Rolling Stone	TheVelvetUnderground_ImWaitingForTheMan_1967	The Velvet Underground	I'm Waiting for the Man	1967	TRUE	TRUE	FALSE
Rolling Stone	OtisRedding_IveBeenLovingYouTooLong_1965	Otis Redding	I've Been Loving You Too Long (to Stop Now)	1965	TRUE	TRUE	FALSE
Rolling Stone	JohnLennon_Imagine_1971	John Lennon	Imagine	1971	TRUE	TRUE	TRUE
Rolling Stone	Nirvana_InBloom_1991	Nirvana	In Bloom	1991	TRUE	TRUE	TRUE
Rolling Stone	TheBeatles_InMyLife_1965	The Beatles	In My Life	1965	TRUE	TRUE	TRUE
Rolling Stone	WilsonPickett_InTheMidnightHour_1965	Wilson Pickett	In The Midnight Hour	1965	TRUE	TRUE	FALSE
Rolling Stone	TheFiveSatins_InTheStillOfTheNight_1956	The Five Satins	In the Still of the Nite	1956	TRUE	TRUE	FALSE
Rolling Stone	JamesBrown_ItsAMansMansMansWorld_1966	James Brown	It's a Man's Man's Man's World	1966	TRUE	TRUE	FALSE
Rolling Stone	ElvisPresley_JailhouseRock_1957	Elvis Presley	Jailhouse Rock	1957	TRUE	TRUE	TRUE
Rolling Stone	ChuckBerry_JohnnyBGoode_1958	Chuck Berry	Johnny B. Goode	1958	TRUE	TRUE	TRUE
Rolling Stone	TheRollingStones_JumpinJackFlash_1968	The Rolling Stones	Jumpin' Jack Flash	1968	TRUE	TRUE	FALSE
Rolling Stone	LedZeppelin_Kashmir_1975	Led Zeppelin	Kashmir	1975	TRUE	TRUE	FALSE
Rolling Stone	DerekAndTheDominos_Layla_1970	Derek and the Dominos	Layla	1970	TRUE	TRUE	TRUE
Rolling Stone	TheBeatles_LetItBe_1970	The Beatles	Let It Be	1970	TRUE	TRUE	TRUE
Rolling Stone	MarvinGaye_LetsGetItOn_1973	Marvin Gaye	Let's Get It On	1973	TRUE	TRUE	FALSE
Rolling Stone	AlGreen_LetsStayTogether_1971	Al Green	Let's Stay Together	1971	TRUE	TRUE	TRUE
Rolling Stone	TheDoors_LightMyFire_1967	The Doors	Light My Fire	1967	TRUE	TRUE	FALSE
Rolling Stone	BobDylan_LikeARollingStone_1965	Bob Dylan	Like a Rolling Stone	1965	TRUE	TRUE	TRUE
Rolling Stone	Prince_LittleRedCorvette_1983	Prince	Little Red Corvette	1983	TRUE	TRUE	TRUE
Rolling Stone	StevieWonder_LivingForTheCity_1973	Stevie Wonder	Living for the City	1973	TRUE	TRUE	FALSE
Rolling Stone	TheClash_LondonCalling_1980	The Clash	London Calling	1980	TRUE	TRUE	FALSE
Rolling Stone	LittleRichard_LongTallSally_1956	Little Richard	Long Tall Sally	1956	TRUE	TRUE	TRUE
Rolling Stone	Eminem_LoseYourself_2002	Eminem	Lose Yourself	2002	TRUE	TRUE	FALSE
Rolling Stone	Beck_Loser_1993	Beck	Loser	1993	TRUE	TRUE	TRUE
Rolling Stone	REM_LosingMyReligion_1991	R.E.M.	Losing My Religion	1991	TRUE	TRUE	TRUE
Rolling Stone	TheKingsmen_LouieLouie_1963	The Kingsmen	Louie Louie	1963	TRUE	TRUE	FALSE
Rolling Stone	AlGreen_LoveAndHappiness_1972	Al Green	Love and Happiness	1972	TRUE	TRUE	FALSE
Rolling Stone	JoyDivision_LoveWillTearUsApart_1980	Joy Division	Love Will Tear Us Apart	1980	TRUE	TRUE	TRUE
Rolling Stone	IggyPop_LustForLife_1977	Iggy Pop	Lust for Life	1977	TRUE	TRUE	FALSE
Rolling Stone	RodStewart_MaggieMay_1971	Rod Stewart	Maggie May	1971	TRUE	TRUE	FALSE
Rolling Stone	ChuckBerry_Maybellene_1955	Chuck Berry	Maybellene	1955	TRUE	TRUE	TRUE
Rolling Stone	JanisJoplin_MeAndBobbyMcGee_1971	Janis Joplin	Me and Bobby McGee	1971	TRUE	TRUE	FALSE
Rolling Stone	BobDylan_MrTambourineMan_1965	Bob Dylan	Mr. Tambourine Man	1965	TRUE	TRUE	FALSE
Rolling Stone	TheByrds_MrTambourineMan_1965	The Byrds	Mr. Tambourine Man	1965	TRUE	TRUE	FALSE
Rolling Stone	TheWho_MyGeneration_1965	The Who	My Generation	1965	TRUE	TRUE	TRUE
Rolling Stone	TheTemptations_MyGirl_1964	The Temptations	My Girl	1964	TRUE	TRUE	FALSE
Rolling Stone	ElvisPresley_MysteryTrain_1955	Elvis Presley	Mystery Train	1955	TRUE	TRUE	TRUE
Rolling Stone	BobMarley_NoWomanNoCry_1975	Bob Marley & The Wailers	No Woman, No Cry	1975	TRUE	TRUE	TRUE
Rolling Stone	TheBeatles_NorwegianWood_1965	The Beatles	Norwegian Wood (This Bird Has Flown)	1965	TRUE	TRUE	FALSE
Rolling Stone	BuddyHolly_NotFadeAway_1957	Buddy Holly and the Crickets	Not Fade Away	1957	TRUE	TRUE	FALSE
Rolling Stone	SineadOConnor_NothingCompares2U_1990	Sinead O'Connor	Nothing Compares 2 U	1990	TRUE	TRUE	TRUE
Rolling Stone	DrDre_NuthinButAGThang_1993	Dr. Dre	Nuthin' But a 'G' Thang	1993	TRUE	TRUE	FALSE
Rolling Stone	U2_One_1991	U2	One	1991	TRUE	TRUE	TRUE
Rolling Stone	TheRollingStones_PaintItBlack_1966	The Rolling Stones	Paint It Black	1966	TRUE	TRUE	FALSE
Rolling Stone	TheTemptations_PapaWasARollinStone_1972	The Temptations	Papa Was A Rollin' Stone	1972	TRUE	TRUE	FALSE
Rolling Stone	JamesBrown_PapasGotABrandNewBag_1966	James Brown	Papa's Got a Brand New Bag	1966	TRUE	TRUE	FALSE
Rolling Stone	Radiohead_ParanoidAndroid_1997	Radiohead	Paranoid Android	1997	TRUE	TRUE	FALSE
Rolling Stone	TheImpressions_PeopleGetReady_1965	The Impressions	People Get Ready	1965	TRUE	TRUE	TRUE
Rolling Stone	JamesBrown_PleasePleasePlease_1956	James Brown	Please, Please, Please	1956	TRUE	TRUE	FALSE
Rolling Stone	CreedenceClearwaterRevival_ProudMary_1969	Creedence Clearwater Revival	Proud Mary	1969	TRUE	TRUE	FALSE
Rolling Stone	TheJimiHendrixExperience_PurpleHaze_1967	The Jimi Hendrix Experience	Purple Haze	1967	TRUE	TRUE	TRUE
Rolling Stone	Prince_PurpleRain_1984	Prince	Purple Rain	1984	TRUE	TRUE	TRUE
Rolling Stone	BuddyHolly_RaveOn_1958	Buddy Holly and the Crickets	Rave On	1958	TRUE	TRUE	FALSE
Rolling Stone	BobMarley_RedemptionSong_1980	Bob Marley & The Wailers	Redemption Song	1980	TRUE	TRUE	TRUE
Rolling Stone	ArethaFranklin_Respect_1967	Aretha Franklin	Respect	1967	TRUE	TRUE	TRUE
Rolling Stone	JohnnyCash_RingOfFire_1963	Johnny Cash	Ring of Fire	1963	TRUE	TRUE	FALSE
Rolling Stone	IkeAndTinaTurner_RiverDeepMountainHigh_1966	Ike & Tina Turner	River Deep - Mountain High	1966	TRUE	TRUE	TRUE
Rolling Stone	ChuckBerry_RockAndRollMusic_1957	Chuck Berry	Rock & Roll Music	1957	TRUE	TRUE	FALSE
Rolling Stone	TheB52s_RockLobster_1979	The B-52's	Rock Lobster	1979	TRUE	TRUE	FALSE
Rolling Stone	NeilYoung_RockinInTheFreeWorld_1989	Neil Young	Rockin' in the Free World	1989	TRUE	TRUE	TRUE
Rolling Stone	ChuckBerry_RollOverBeethoven_1956	Chuck Berry	Roll Over Beethoven	1956	TRUE	TRUE	TRUE
Rolling Stone	TheBeastieBoys_Sabotage_1994	The Beastie Boys	Sabotage	1994	TRUE	TRUE	FALSE
Rolling Stone	TheRollingStones_Satisfaction_1965	The Rolling Stones	Satisfaction	1965	TRUE	TRUE	TRUE
Rolling Stone	BigStar_SeptemberGurls_1974	Big Star	September Gurls	1974	TRUE	TRUE	FALSE
Rolling Stone	BigJoeTurner_ShakeRattleAndRoll_1954	Big Joe Turner	Shake, Rattle and Roll	1954	TRUE	TRUE	FALSE
Rolling Stone	TheBeatles_SheLovesYou_1963	The Beatles	She Loves You	1963	TRUE	TRUE	FALSE
Rolling Stone	TheClash_ShouldIStayOrShouldIGo_1982	The Clash	Should I Stay or Should I Go	1982	TRUE	TRUE	TRUE
Rolling Stone	TheIsleyBrothers_Shout_1959	The Isley Brothers	Shout (Parts 1 and 2)	1959	TRUE	TRUE	FALSE
Rolling Stone	Nirvana_SmellsLikeTeenSpirit_1991	Nirvana	Smells Like Teen Spirit	1991	TRUE	TRUE	TRUE
Rolling Stone	LedZeppelin_StairwayToHeaven_1971	Led Zeppelin	Stairway To Heaven	1971	TRUE	TRUE	TRUE
Rolling Stone	BenEKing_StandByMe_1961	Ben E. King	Stand By Me	1961	TRUE	TRUE	FALSE
Rolling Stone	TheBeatles_StrawberryFieldsForever_1967	The Beatles	Strawberry Fields Forever	1967	TRUE	TRUE	FALSE
Rolling Stone	Pavement_SummerBabe_1992	Pavement	Summer Babe	1992	TRUE	TRUE	TRUE
Rolling Stone	EddieCochran_SummertimeBlues_1958	Eddie Cochran	Summertime Blues	1958	TRUE	TRUE	TRUE
Rolling Stone	Cream_SunshineOfYourLove_1968	Cream	Sunshine of Your Love	1968	TRUE	TRUE	FALSE
Rolling Stone	StevieWonder_Superstition_1972	Stevie Wonder	Superstition	1972	TRUE	TRUE	TRUE
Rolling Stone	ElvisPresley_SuspiciousMinds_1969	Elvis Presley	Suspicious Minds	1969	TRUE	TRUE	FALSE
Rolling Stone	GunsNRoses_SweetChildOMine_1987	Guns N' Roses	Sweet Child O' Mine	1987	TRUE	TRUE	TRUE
Rolling Stone	TheRollingStones_SympathyForTheDevil_1968	The Rolling Stones	Sympathy for the Devil	1968	TRUE	TRUE	TRUE
Rolling Stone	AlGreen_TakeMeToTheRiver_1974	Al Green	Take Me to the River	1974	TRUE	TRUE	TRUE
Rolling Stone	BobDylan_TangledUpInBlue_1975	Bob Dylan	Tangled Up in Blue	1975	TRUE	TRUE	TRUE
Rolling Stone	EricClapton_TearsInHeaven_1992	Eric Clapton	Tears in Heaven	1992	TRUE	TRUE	TRUE
Rolling Stone	BuddyHolly_ThatllBeTheDay_1957	Buddy Holly	That'll Be the Day	1957	TRUE	TRUE	FALSE
Rolling Stone	ElvisPresley_ThatsAllRight_1954	Elvis Presley	That's All Right	1954	TRUE	TRUE	FALSE
Rolling Stone	SimonAndGarfunkel_TheBoxer_1969	Simon and Garfunkel	The Boxer	1969	TRUE	TRUE	FALSE
Rolling Stone	GrandmasterFlashAndTheFuriousFive_TheMessage_1982	Grandmaster Flash & the Furious Five	The Message	1982	TRUE	TRUE	FALSE
Rolling Stone	SimonAndGarfunkel_TheSoundsOfSilence_1965	Simon and Garfunkel	The Sounds of Silence	1965	TRUE	TRUE	FALSE
Rolling Stone	BobDylan_TheTimesTheyAreAChangin_1964	Bob Dylan	The Times They Are A-Changin'	1964	TRUE	TRUE	FALSE
Rolling Stone	TheMiracles_TheTracksOfMyTears_1965	The Miracles	The Tracks of My Tears	1965	TRUE	TRUE	FALSE
Rolling Stone	TheBand_TheWeight_1968	The Band	The Weight	1968	TRUE	TRUE	FALSE
Rolling Stone	BruceSpringsteen_ThunderRoad_1975	Bruce Springsteen	Thunder Road	1975	TRUE	TRUE	TRUE
Rolling Stone	LittleRichard_TuttiFrutti_1955	Little Richard	Tutti Frutti	1955	TRUE	TRUE	FALSE
Rolling Stone	TheDrifters_UpOnTheRoof_1962	The Drifters	Up On the Roof	1962	TRUE	TRUE	FALSE
Rolling Stone	JimiHendrix_VoodooChild_1968	Jimi Hendrix	Voodoo Child (Slight Return)	1968	TRUE	TRUE	FALSE
Rolling Stone	DionneWarwick_WalkOnBy_1964	Dionne Warwick	Walk On By	1964	TRUE	TRUE	FALSE
Rolling Stone	TheKinks_WaterlooSunset_1967	The Kinks	Waterloo Sunset	1967	TRUE	TRUE	FALSE
Rolling Stone	RayCharles_WhatdISay_1959	Ray Charles	What'd I Say	1959	TRUE	TRUE	TRUE
Rolling Stone	MarvinGaye_WhatsGoingOn_1971	Marvin Gaye	What's Going On	1971	TRUE	TRUE	TRUE
Rolling Stone	PercySledge_WhenAManLovesAWoman_1966	Percy Sledge	When a Man Loves a Woman	1966	TRUE	TRUE	FALSE
Rolling Stone	Prince_WhenDovesCry_1984	Prince and the Revolution	When Doves Cry	1984	TRUE	TRUE	TRUE
Rolling Stone	TheBeatles_WhileMyGuitarGentlyWeeps_1968	The Beatles	While My Guitar Gently Weeps	1968	TRUE	TRUE	FALSE
Rolling Stone	BoDiddley_WhoDoYouLove_1957	Bo Diddley	Who Do You Love	1957	TRUE	TRUE	FALSE
Rolling Stone	LedZeppelin_WholeLottaLove_1969	Led Zeppelin	Whole Lotta Love	1969	TRUE	TRUE	FALSE
Rolling Stone	JerryLeeLewis_WholeLottaShakinGoinOn_1957	Jerry Lee Lewis	Whole Lotta Shakin' Goin On	1957	TRUE	TRUE	FALSE
Rolling Stone	TheShirelles_WillYouLoveMeTomorrow_1960	The Shirelles	Will You Love Me Tomorrow	1960	TRUE	TRUE	FALSE
Rolling Stone	U2_WithOrWithoutYou_1987	U2	With or Without You	1987	TRUE	TRUE	TRUE
Rolling Stone	TheWho_WontGetFooledAgain_1971	The Who	Won't Get Fooled Again	1971	TRUE	TRUE	FALSE
Rolling Stone	TheBeatles_Yesterday_1965	The Beatles	Yesterday	1965	TRUE	TRUE	TRUE
Rolling Stone	TheRollingStones_YouCantAlwaysGetWhatYouWant_1969	The Rolling Stones	You Can't Always Get What You Want	1969	TRUE	TRUE	FALSE
Rolling Stone	TheKinks_YouReallyGotMe_1964	The Kinks	You Really Got Me	1964	TRUE	TRUE	FALSE
Rolling Stone	SamCooke_YouSendMe_1957	Sam Cooke	You Send Me	1957	TRUE	TRUE	FALSE
Rolling Stone	TheRighteousBrothers_YouveLostThatLovinFeelin_1964	The Righteous Brothers	You've Lost That Lovin' Feelin'	1964	TRUE	TRUE	FALSE
Rolling Stone	EltonJohn_YourSong_1970	Elton John	Your Song	1970	TRUE	TRUE	FALSE
