FileName	Rolling Stone Rank	TITLE	ARTIST	Release Year	RS 5x20 subset	Lyric subset	YoutubeLink
OtisRedding_TheDockOfTheBay_1968	28	(Sittin' on) the Dock of the Bay	Otis Redding	1968	TRUE	TRUE	https://www.youtube.com/watch?v=rTVjnBo96Ug
BillHaley_RockAroundTheClock_1954	158	(We're Gonna) Rock Around the Clock	Bill Haley and His Comets	1954	FALSE	FALSE	https://www.youtube.com/watch?v=ZgdufzXvjqw
Prince_1999_1982	212	1999	Prince	1982	TRUE	TRUE	https://www.youtube.com/watch?v=rblt2EtFfC4
SamCooke_AChangeIsGonnaCome_1964	12	A Change Is Gonna Come	Sam Cooke	1964	TRUE	FALSE	https://www.youtube.com/watch?v=wEBlaMOmKV4
TheBeatles_ADayInTheLife_1967	26	A Day in the Life	The Beatles	1967	TRUE	TRUE	https://www.youtube.com/watch?v=usNsCeOV4GM
TheBeatles_AHardDaysNight_1964	153	A Hard Day's Night	The Beatles	1964	FALSE	FALSE	https://www.youtube.com/watch?v=Yjyj8qnqkYI
ProcolHarum_AWhiterShadeOfPale_1967	57	A Whiter Shade of Pale	Procol Harum	1967	FALSE	FALSE	https://www.youtube.com/watch?v=_BADDeIQWVQ
TheJimiHendrixExperience_AllAlongTheWatchtower_1968	48	All Along the Watchtower	The Jimi Hendrix Experience	1968	FALSE	FALSE	https://www.youtube.com/watch?v=TLV4_xaYynY
Nirvana_AllApologies_1993	455	All Apologies	Nirvana	1993	TRUE	TRUE	https://www.youtube.com/watch?v=fUYXpnl-dKw
TheEverlyBrothers_AllIHaveToDoIsDream_1958	141	All I Have to Do Is Dream	The Everly Brothers	1958	FALSE	FALSE	https://www.youtube.com/watch?v=tbU3zdAgiX8
SexPistols_AnarchyInTheUK_1977	53	Anarchy in the U.K.	Sex Pistols	1977	TRUE	TRUE	https://www.youtube.com/watch?v=cBojbjoMttI
ACDC_BackInBlack_1980	187	Back in Black	AC/DC	1980	TRUE	TRUE	https://www.youtube.com/watch?v=pAgnJDJN4VA
TheRonettes_BeMyBaby_1963	22	Be My Baby	The Ronettes	1963	TRUE	TRUE	https://www.youtube.com/watch?v=NnWOBMQhNBQ
GeneVincent_BeBopALula_1956	102	Be-Bop-A-Lula	Gene Vincent	1956	FALSE	FALSE	https://www.youtube.com/watch?v=ZWFlLYZm0tA
MichaelJackson_BillieJean_1983	58	Billie Jean	Michael Jackson	1983	TRUE	TRUE	https://www.youtube.com/watch?v=kM5ywtImaSs
TheVerve_BitterSweetSymphony_1997	382	Bitter Sweet Symphony	The Verve	1997	TRUE	TRUE	https://www.youtube.com/watch?v=1lyu1KKwC74
NewOrder_BizarreLoveTriangle_1986	201	Bizarre Love Triangle	New Order	1986	TRUE	TRUE	https://www.youtube.com/watch?v=tkOr12AQpnU
TheRamones_BlitzkriegBop_1976	92	Blitzkrieg Bop	The Ramones	1976	TRUE	TRUE	https://www.youtube.com/watch?v=nKyFpJ3M1xM
BobDylan_BlowinInTheWind_1963	14	Blowin' in the Wind	Bob Dylan	1963	TRUE	TRUE	https://www.youtube.com/watch?v=vWwgrjjIMXA
CarlPerkins_BlueSuedeShoes_1956	95	Blue Suede Shoes	Carl Perkins	1956	TRUE	FALSE	https://www.youtube.com/watch?v=DRNyvO4QouY
FatsDomino_BlueberryHill_1956	81	Blueberry Hill	Fats Domino	1956	TRUE	FALSE	https://www.youtube.com/watch?v=Pm4l43exh2M
BoDiddley_BoDiddley_1955	62	Bo Diddley	Bo Diddley	1955	TRUE	TRUE	https://www.youtube.com/watch?v=dLcYuuljrD4
Queen_BohemianRhapsody_1975	163	Bohemian Rhapsody	Queen	1975	FALSE	FALSE	https://www.youtube.com/watch?v=M-9ERM0Jr4U
Steppenwolf_BornToBeWild_1968	129	Born To Be Wild	Steppenwolf	1968	FALSE	FALSE	https://www.youtube.com/watch?v=mLhpXUtxS1c
BruceSpringsteen_BornToRun_1975	21	Born to Run	Bruce Springsteen	1975	TRUE	TRUE	https://www.youtube.com/watch?v=IxuThNgl3YA
JoniMitchell_BothSidesNow_1969	170	Both Sides Now	Joni Mitchell	1969	FALSE	FALSE	https://www.youtube.com/watch?v=Pbn6a0AFfnM
SimonAndGarfunkel_BridgeOverTroubledWater_1970	47	Bridge over Troubled Water	Simon and Garfunkel	1970	TRUE	TRUE	https://www.youtube.com/watch?v=4G-YQA_bsOU
VanMorrison_BrownEyedGirl_1967	109	Brown Eyed Girl	Van Morrison	1967	FALSE	FALSE	https://www.youtube.com/watch?v=UfmkgQRmmeE
TheMamasAndThePapas_CaliforniaDreamin_1965	89	California Dreamin'	The Mamas & the Papas	1965	FALSE	FALSE	https://www.youtube.com/watch?v=N-aK6JnyFmk
TheBeachBoys_CaliforniaGirls_1965	71	California Girls	The Beach Boys	1965	FALSE	FALSE	https://www.youtube.com/watch?v=7oRb9-mypxg
2Pac_CaliforniaLove_1996	346	California Love	2Pac	1996	TRUE	TRUE	https://www.youtube.com/watch?v=omfz62qu_Bc
TheEverlyBrothers_CathysClown_1960	149	Cathy's Clown	The Everly Brothers	1960	FALSE	FALSE	https://www.youtube.com/watch?v=p_fkzaAEbQg
DavidBowie_Changes_1971	127	Changes	David Bowie	1971	FALSE	FALSE	https://www.youtube.com/watch?v=ocB46f2FqJE
Nirvana_ComeAsYouAre_1991	445	Come As You Are	Nirvana	1991	TRUE	TRUE	https://www.youtube.com/watch?v=vabnZ9-ex7o
PatsyCline_Crazy_1961	85	Crazy	Patsy Cline	1961	FALSE	FALSE	https://www.youtube.com/watch?v=MbnrdCS57d0
RoyOrbison_Crying_1961	69	Crying	Roy Orbison	1961	FALSE	FALSE	https://www.youtube.com/watch?v=7KgcgxNQ05g
TheCrystals_DaDooRonRon_1963	114	Da Doo Ron Ron	The Crystals	1963	FALSE	FALSE	https://www.youtube.com/watch?v=v-qqi7-Q19k
MarthaAndTheVandellas_DancingInTheStreet_1964	40	Dancing in the Street	Martha and the Vandellas	1964	FALSE	FALSE	https://www.youtube.com/watch?v=68Uv959QuCg
ABBA_DancingQueen_1976	171	Dancing Queen	ABBA	1976	FALSE	FALSE	https://www.youtube.com/watch?v=XN9lgrT8eVc
TheBeachBoys_DontWorryBaby_1964	176	Don't Worry Baby	The Beach Boys	1964	FALSE	FALSE	https://www.youtube.com/watch?v=SvZHoF0A9WQ
Aerosmith_DreamOn_1973	172	Dream On	Aerosmith	1973	FALSE	FALSE	https://www.youtube.com/watch?v=Pj5kNX2h8Qg
ThePenguins_EarthAngel_1954	151	Earth Angel	The Penguins	1954	FALSE	FALSE	https://www.youtube.com/watch?v=VJcGi4-n_Yw
TheByrds_EightMilesHigh_1966	150	Eight Miles High	The Byrds	1966	FALSE	FALSE	https://www.youtube.com/watch?v=J74ttSR8lEg
TheBeatles_EleanorRigby_1966	137	Eleanor Rigby	The Beatles	1966	FALSE	FALSE	https://www.youtube.com/watch?v=HuS5NuXRb5Y
Metallica_EnterSandman_1991	399	Enter Sandman	Metallica	1991	TRUE	TRUE	https://www.youtube.com/watch?v=_W7wqQwa-TU
ThePolice_EveryBreathYouTake_1983	84	Every Breath You Take	The Police	1983	TRUE	TRUE	https://www.youtube.com/watch?v=OMOGaugKpzs
SlyAndTheFamilyStone_EverydayPeople_1968	145	Everyday People	Sly and the Family Stone	1968	FALSE	FALSE	https://www.youtube.com/watch?v=YUUhDoCx8zc
Radiohead_FakePlasticTrees_1995	376	Fake Plastic Trees	Radiohead	1995	TRUE	TRUE	https://www.youtube.com/watch?v=n5h0qHwNrHk
SlyAndTheFamilyStone_FamilyAffair_1971	138	Family Affair	Sly and the Family Stone	1971	FALSE	FALSE	https://www.youtube.com/watch?v=MbT_ask1Cco
TracyChapman_FastCar_1988	165	Fast Car	Tracy Chapman	1988	TRUE	TRUE	https://www.youtube.com/watch?v=IxXO2ybSvfg
JohnnyCash_FolsomPrisonBlues_1956	164	Folsom Prison Blues	Johnny Cash	1956	FALSE	FALSE	https://www.youtube.com/watch?v=or8hZmWN96Q
BuffaloSpringfield_ForWhatItsWorth_1967	63	For What It's Worth	Buffalo Springfield	1967	FALSE	FALSE	https://www.youtube.com/watch?v=gp5JCrSXkJY
CreedenceClearwaterRevival_FortunateSon_1969	99	Fortunate Son	Creedence Clearwater Revival	1969	FALSE	FALSE	https://www.youtube.com/watch?v=ec0XKhAHR5I
TheJimiHendrixExperience_FoxeyLady_1965	152	Foxey Lady	The Jimi Hendrix Experience	1965	FALSE	FALSE	https://www.youtube.com/watch?v=_PVjcIO4MT4
TomPetty_FreeFallin_1989	177	Free Fallin'	Tom Petty	1989	TRUE	TRUE	https://www.youtube.com/watch?v=1lWJXDG2i0A
RayCharles_GeorgiaOnMyMind_1960	44	Georgia on My Miind	Ray Charles	1960	FALSE	FALSE	https://www.youtube.com/watch?v=-DFhuE_XeT8
TheRollingStones_GimmeShelter_1969	38	Gimme Shelter	The Rolling Stones	1969	FALSE	FALSE	https://www.youtube.com/watch?v=SBva-z1AsGk
FleetwoodMac_GoYourOwnWay_1977	119	Go Your Own Way	Fleetwood Mac	1977	FALSE	FALSE	https://www.youtube.com/watch?v=ozl3L9fhKtE
TheBeachBoys_GodOnlyKnows_1966	25	God Only Knows	The Beach Boys	1966	TRUE	FALSE	https://www.youtube.com/watch?v=lpd4jzKA4SA
TheSexPistols_GodSaveTheQueen_1977	173	God Save the Queen	The Sex Pistols	1977	FALSE	FALSE	https://www.youtube.com/watch?v=RvMxqcgBhWQ
LittleRichard_GoodGollyMissMolly_1958	94	Good Golly, Miss Molly	Little Richard	1958	TRUE	TRUE	https://www.youtube.com/watch?v=vPKDjqDflBc
TheBeachBoys_GoodVibrations_1966	6	Good Vibrations	The Beach Boys	1966	TRUE	FALSE	https://www.youtube.com/watch?v=mdt0SOqPJcg
JerryLeeLewis_GreatBallsOfFire_1957	96	Great Balls Of Fire	Jerry Lee Lewis	1957	TRUE	TRUE	https://www.youtube.com/watch?v=BQa7wOu_I_A
JeffBuckley_Hallelujah_1994	259	Hallelujah	Jeff Buckley	1994	TRUE	FALSE	https://www.youtube.com/watch?v=y8AWFf7EAc4
ElvisPresley_HeartbreakHotel_1956	45	Heartbreak Hotel	Elvis Presley	1956	TRUE	FALSE	https://www.youtube.com/watch?v=e9BLw4W5KU8
TheBeatles_Help_1965	29	Help!	The Beatles	1965	TRUE	TRUE	https://www.youtube.com/watch?v=CTsB-llTzyc
DavidBowie_Heroes_1977	46	Heroes	David Bowie	1977	TRUE	TRUE	https://www.youtube.com/watch?v=A3ol17NnBHk
TheBeatles_HeyJude_1968	8	Hey Jude	The Beatles	1968	TRUE	TRUE	https://www.youtube.com/watch?v=A_MjCqQoLLA
TheRollingStones_HonkyTonkWomen_1969	116	Honky Tonk Women	The Rolling Stones	1969	FALSE	FALSE	https://www.youtube.com/watch?v=gqtJELaLG5k
DonnaSummer_HotStuff_1979	103	Hot Stuff	Donna Summer	1979	TRUE	TRUE	https://www.youtube.com/watch?v=AqS4aNi0HQY
TheEagles_HotelCalifornia_1976	49	Hotel California	The Eagles	1976	TRUE	TRUE	https://www.youtube.com/watch?v=nKnbty_Kdc0
ElvisPresley_HoundDog_1956	19	Hound Dog	Elvis Presley	1956	TRUE	FALSE	https://www.youtube.com/watch?v=aNYWl13IWhY
TheAnimals_HouseOfTheRisingSun_1964	122	House of the Rising Sun	The Animals	1964	FALSE	FALSE	https://www.youtube.com/watch?v=0Fy7opKu46c
RKelly_IBelieveICanFly_1996	406	I Believe I Can Fly	R. Kelly	1996	TRUE	TRUE	https://www.youtube.com/watch?v=GIQn8pab8Vc
BonnieRaitt_ICantMakeYouLoveMe_1991	331	I Can't Make You Love Me	Bonnie Raitt	1991	TRUE	TRUE	https://www.youtube.com/watch?v=nW9Cu6GYqxo
RayCharles_ICantStopLovingYou_1962	161	I Can't Stop Loving You	Ray Charles	1962	FALSE	FALSE	https://www.youtube.com/watch?v=w-YqaTDDCDM
TheBobbyFullerFour_IFoughtTheLaw_1966	175	I Fought the Law	The Bobby Fuller Four	1966	FALSE	FALSE	https://www.youtube.com/watch?v=OgtQj8O92eI
JamesBrown_IGotYou_1965	78	I Got You (I Feel Good)	James Brown	1965	FALSE	FALSE	https://www.youtube.com/watch?v=ETNWrulIDic
MarvinGaye_IHeardItThroughTheGrapevine_1968	80	I Heard It Through the Grapevine	Marvin Gaye	1968	FALSE	FALSE	https://www.youtube.com/watch?v=hajBdDM2qdg
TheFlamingos_IOnlyHaveEyesForYou_1959	157	I Only Have Eyes for You	The Flamingos	1959	FALSE	FALSE	https://www.youtube.com/watch?v=FvzNeh4Mq1o
TheBeatles_ISawHerStandingThere_1964	139	I Saw Her Standing There	The Beatles	1964	FALSE	FALSE	https://www.youtube.com/watch?v=mwBdWVTR-o8
U2_IStillHaventFoundWhatImLookingFor_1987	93	I Still Haven't Found What I'm Looking For	U2	1987	TRUE	TRUE	https://www.youtube.com/watch?v=e3-5YC_oHjE
JohnnyCash_IWalkTheLine_1956	30	I Walk the Line	Johnny Cash	1956	TRUE	TRUE	https://www.youtube.com/watch?v=Ut34Q_tM0JM
TheRamones_IWannaBeSedated_1978	144	I Wanna Be Sedated	The Ramones	1978	FALSE	FALSE	https://www.youtube.com/watch?v=bm51ihfi1p4
TheBeatles_IWantToHoldYourHand_1963	16	I Want to Hold Your Hand	The Beatles	1963	TRUE	TRUE	https://www.youtube.com/watch?v=jenWdylTtzs
TheJackson5_IWantYouBack_1969	120	I Want You Back	The Jackson 5	1969	FALSE	FALSE	https://www.youtube.com/watch?v=GP5qFx2yAtU
HankWilliams_ImSoLonesomeICouldCry_1949	111	I'm So Lonesome I Could Cry	Hank Williams	1949	FALSE	FALSE	https://www.youtube.com/watch?v=4WXYjm74WFI
TheVelvetUnderground_ImWaitingForTheMan_1967	159	I'm Waiting for the Man	The Velvet Underground	1967	FALSE	FALSE	https://www.youtube.com/watch?v=kRIFVWQIVrg
OtisRedding_IveBeenLovingYouTooLong_1965	110	I've Been Loving You Too Long (to Stop Now)	Otis Redding	1965	FALSE	FALSE	https://www.youtube.com/watch?v=qZ6OrrkeVFo
JohnLennon_Imagine_1971	3	Imagine	John Lennon	1971	TRUE	TRUE	https://www.youtube.com/watch?v=EJ72bYyEtBg
Nirvana_InBloom_1991	407	In Bloom	Nirvana	1991	TRUE	TRUE	https://www.youtube.com/watch?v=kRY1cvrfdlg
TheBeatles_InMyLife_1965	23	In My Life	The Beatles	1965	TRUE	TRUE	https://www.youtube.com/watch?v=YBcdt6DsLQA
WilsonPickett_InTheMidnightHour_1965	134	In The Midnight Hour	Wilson Pickett	1965	FALSE	FALSE	https://www.youtube.com/watch?v=rixhkdO_IdU
TheFiveSatins_InTheStillOfTheNight_1956	90	In the Still of the Nite	The Five Satins	1956	TRUE	FALSE	https://www.youtube.com/watch?v=MRb1-SAAIzs
JamesBrown_ItsAMansMansMansWorld_1966	123	It's a Man's Man's Man's World	James Brown	1966	FALSE	FALSE	https://www.youtube.com/watch?v=7rq9OvaJyRc
ElvisPresley_JailhouseRock_1957	67	Jailhouse Rock	Elvis Presley	1957	TRUE	TRUE	https://www.youtube.com/watch?v=MfrC8PAQtlg
ChuckBerry_JohnnyBGoode_1958	7	Johnny B. Goode	Chuck Berry	1958	TRUE	TRUE	https://www.youtube.com/watch?v=6ROwVrF0Ceg
TheRollingStones_JumpinJackFlash_1968	124	Jumpin' Jack Flash	The Rolling Stones	1968	FALSE	FALSE	https://www.youtube.com/watch?v=ruTMp4Sy1E
LedZeppelin_Kashmir_1975	140	Kashmir	Led Zeppelin	1975	FALSE	FALSE	https://www.youtube.com/watch?v=Zp3nCW8VkJ8
DerekAndTheDominos_Layla_1970	27	Layla	Derek and the Dominos	1970	TRUE	TRUE	https://www.youtube.com/watch?v=uSquiIVLhrQ
TheBeatles_LetItBe_1970	20	Let It Be	The Beatles	1970	TRUE	TRUE	https://www.youtube.com/watch?v=nt9uBlRuBPw
MarvinGaye_LetsGetItOn_1973	167	Let's Get It On	Marvin Gaye	1973	FALSE	FALSE	https://www.youtube.com/watch?v=CoOXbP7hmc0
AlGreen_LetsStayTogether_1971	60	Let's Stay Together	Al Green	1971	TRUE	TRUE	https://www.youtube.com/watch?v=COiIC3A0ROM
TheDoors_LightMyFire_1967	35	Light My Fire	The Doors	1967	FALSE	FALSE	https://www.youtube.com/watch?v=EqcMAz7xQ5g
BobDylan_LikeARollingStone_1965	1	Like a Rolling Stone	Bob Dylan	1965	TRUE	TRUE	https://www.youtube.com/watch?v=IwOfCgkyEj0
Prince_LittleRedCorvette_1983	108	Little Red Corvette	Prince	1983	TRUE	TRUE	https://www.youtube.com/watch?v=v0KpfrJE4zw
StevieWonder_LivingForTheCity_1973	104	Living for the City	Stevie Wonder	1973	TRUE	FALSE	https://www.youtube.com/watch?v=rc0XEw4m-3w
TheClash_LondonCalling_1980	15	London Calling	The Clash	1980	TRUE	FALSE	https://www.youtube.com/watch?v=EfK-WX2pa8c
LittleRichard_LongTallSally_1956	56	Long Tall Sally	Little Richard	1956	TRUE	TRUE	https://www.youtube.com/watch?v=2OfhmVmhL7s
Eminem_LoseYourself_2002	166	Lose Yourself	Eminem	2002	FALSE	FALSE	https://www.youtube.com/watch?v=_Yhyp-HX2s
Beck_Loser_1993	200	Loser	Beck	1993	TRUE	TRUE	https://www.youtube.com/watch?v=YgSPaXgAdzE
REM_LosingMyReligion_1991	169	Losing My Religion	R.E.M.	1991	TRUE	TRUE	https://www.youtube.com/watch?v=xwtdhWltSIg
TheKingsmen_LouieLouie_1963	55	Louie Louie	The Kingsmen	1963	FALSE	FALSE	https://www.youtube.com/watch?v=LE07SMZtmJ4
AlGreen_LoveAndHappiness_1972	98	Love and Happiness	Al Green	1972	TRUE	FALSE	https://www.youtube.com/watch?v=rqqAnjY2Rmo
JoyDivision_LoveWillTearUsApart_1980	179	Love Will Tear Us Apart	Joy Division	1980	TRUE	TRUE	https://www.youtube.com/watch?v=zuuObGsB0No
IggyPop_LustForLife_1977	147	Lust for Life	Iggy Pop	1977	FALSE	FALSE	https://www.youtube.com/watch?v=Y2D4S1K8HWI
RodStewart_MaggieMay_1971	130	Maggie May	Rod Stewart	1971	FALSE	FALSE	https://www.youtube.com/watch?v=EOl7dh7a-6g
ChuckBerry_Maybellene_1955	18	Maybellene	Chuck Berry	1955	TRUE	TRUE	https://www.youtube.com/watch?v=NIb-Q2xyHcc
JanisJoplin_MeAndBobbyMcGee_1971	148	Me and Bobby McGee	Janis Joplin	1971	FALSE	FALSE	https://www.youtube.com/watch?v=sfjon-ZTqzU
BobDylan_MrTambourineMan_1965	106	Mr. Tambourine Man	Bob Dylan	1965	FALSE	FALSE	https://www.youtube.com/watch?v=oecX_1pqxk0
TheByrds_MrTambourineMan_1965	79	Mr. Tambourine Man	The Byrds	1965	FALSE	FALSE	https://www.youtube.com/watch?v=f7eJSdpMEnI
TheWho_MyGeneration_1965	11	My Generation	The Who	1965	TRUE	TRUE	https://www.youtube.com/watch?v=lJW_2wLt704
TheTemptations_MyGirl_1964	88	My Girl	The Temptations	1964	FALSE	FALSE	https://www.youtube.com/watch?v=e4oasdg8JZ4
ElvisPresley_MysteryTrain_1955	77	Mystery Train	Elvis Presley	1955	TRUE	TRUE	https://www.youtube.com/watch?v=XA5HErVE9oI
BobMarley_NoWomanNoCry_1975	37	No Woman, No Cry	Bob Marley & The Wailers	1975	TRUE	TRUE	https://www.youtube.com/watch?v=2JZetjkhdYQ
TheBeatles_NorwegianWood_1965	83	Norwegian Wood (This Bird Has Flown)	The Beatles	1965	FALSE	FALSE	https://www.youtube.com/watch?v=Y_V6y1ZCg_8
BuddyHolly_NotFadeAway_1957	107	Not Fade Away	Buddy Holly and the Crickets	1957	FALSE	FALSE	https://www.youtube.com/watch?v=STX44ukH7cE
SineadOConnor_NothingCompares2U_1990	162	Nothing Compares 2 U	Sinead O'Connor	1990	TRUE	TRUE	https://www.youtube.com/watch?v=0-EF60neguk
DrDre_NuthinButAGThang_1993	419	Nuthin' But a 'G' Thang	Dr. Dre	1993	TRUE	FALSE	https://www.youtube.com/watch?v=0F0CAEoF4XM
U2_One_1991	36	One	U2	1991	TRUE	TRUE	https://www.youtube.com/watch?v=Sgp5dlKx9rs
TheRollingStones_PaintItBlack_1966	174	Paint It Black	The Rolling Stones	1966	FALSE	FALSE	https://www.youtube.com/watch?v=flSmiIne-4k
TheTemptations_PapaWasARollinStone_1972	168	Papa Was A Rollin' Stone	The Temptations	1972	FALSE	FALSE	https://www.youtube.com/watch?v=nXiQtD5gcHU
JamesBrown_PapasGotABrandNewBag_1966	72	Papa's Got a Brand New Bag	James Brown	1966	FALSE	FALSE	https://www.youtube.com/watch?v=QE5D2hJhacU
Radiohead_ParanoidAndroid_1997	256	Paranoid Android	Radiohead	1997	TRUE	FALSE	https://www.youtube.com/watch?v=fHiGbolFFGw
TheImpressions_PeopleGetReady_1965	24	People Get Ready	The Impressions	1965	TRUE	TRUE	https://www.youtube.com/watch?v=l04yM7-BWbg
JamesBrown_PleasePleasePlease_1956	142	Please, Please, Please	James Brown	1956	FALSE	FALSE	https://www.youtube.com/watch?v=ON-iOsFK7co
CreedenceClearwaterRevival_ProudMary_1969	155	Proud Mary	Creedence Clearwater Revival	1969	FALSE	FALSE	https://www.youtube.com/watch?v=XfyEpmQM7bw
TheJimiHendrixExperience_PurpleHaze_1967	17	Purple Haze	The Jimi Hendrix Experience	1967	TRUE	TRUE	https://www.youtube.com/watch?v=zSsjtiky9xI
Prince_PurpleRain_1984	143	Purple Rain	Prince	1984	TRUE	TRUE	https://www.youtube.com/watch?v=TvnYmWpD_T8
BuddyHolly_RaveOn_1958	154	Rave On	Buddy Holly and the Crickets	1958	FALSE	FALSE	https://www.youtube.com/watch?v=KqefV-dapQc
BobMarley_RedemptionSong_1980	66	Redemption Song	Bob Marley & The Wailers	1980	TRUE	TRUE	https://www.youtube.com/watch?v=yv5xonFSC4c
ArethaFranklin_Respect_1967	5	Respect	Aretha Franklin	1967	TRUE	TRUE	https://www.youtube.com/watch?v=6FOUqQt3Kg0
JohnnyCash_RingOfFire_1963	87	Ring of Fire	Johnny Cash	1963	FALSE	FALSE	https://www.youtube.com/watch?v=EQ36XYh0tkk
IkeAndTinaTurner_RiverDeepMountainHigh_1966	33	River Deep - Mountain High	Ike & Tina Turner	1966	TRUE	TRUE	https://www.youtube.com/watch?v=uj0wPrN_Y_4
ChuckBerry_RockAndRollMusic_1957	128	Rock & Roll Music	Chuck Berry	1957	FALSE	FALSE	https://www.youtube.com/watch?v=pufTZyykLlw
TheB52s_RockLobster_1979	146	Rock Lobster	The B-52's	1979	FALSE	FALSE	https://www.youtube.com/watch?v=n4QSYx4wVQg
NeilYoung_RockinInTheFreeWorld_1989	214	Rockin' in the Free World	Neil Young	1989	TRUE	TRUE	https://www.youtube.com/watch?v=DvxxdZpMFHg
ChuckBerry_RollOverBeethoven_1956	97	Roll Over Beethoven	Chuck Berry	1956	TRUE	TRUE	https://www.youtube.com/watch?v=kKlzUKLOm_U
TheBeastieBoys_Sabotage_1994	475	Sabotage	The Beastie Boys	1994	TRUE	FALSE	https://www.youtube.com/watch?v=YZ5yKJlhbiA
TheRollingStones_Satisfaction_1965	2	Satisfaction	The Rolling Stones	1965	TRUE	TRUE	https://www.youtube.com/watch?v=NEjkftp7J7I
BigStar_SeptemberGurls_1974	178	September Gurls	Big Star	1974	FALSE	FALSE	https://www.youtube.com/watch?v=BNKSs1J38EA
BigJoeTurner_ShakeRattleAndRoll_1954	126	Shake, Rattle and Roll	Big Joe Turner	1954	FALSE	FALSE	https://www.youtube.com/watch?v=YhELpSeeipg
TheBeatles_SheLovesYou_1963	64	She Loves You	The Beatles	1963	FALSE	FALSE	https://www.youtube.com/watch?v=1EDUoqi1JHM
TheClash_ShouldIStayOrShouldIGo_1982	228	Should I Stay or Should I Go	The Clash	1982	TRUE	TRUE	https://www.youtube.com/watch?v=BN1WwnEDWAM
TheIsleyBrothers_Shout_1959	118	Shout (Parts 1 and 2)	The Isley Brothers	1959	FALSE	FALSE	https://www.youtube.com/watch?v=nEjLFpU2pJ4
Nirvana_SmellsLikeTeenSpirit_1991	9	Smells Like Teen Spirit	Nirvana	1991	TRUE	TRUE	https://www.youtube.com/watch?v=hTWKbfoikeg
LedZeppelin_StairwayToHeaven_1971	31	Stairway To Heaven	Led Zeppelin	1971	TRUE	TRUE	https://www.youtube.com/watch?v=RCOdXYoCBo
BenEKing_StandByMe_1961	121	Stand By Me	Ben E. King	1961	FALSE	FALSE	https://www.youtube.com/watch?v=hwZNL7QVJjE
TheBeatles_StrawberryFieldsForever_1967	76	Strawberry Fields Forever	The Beatles	1967	FALSE	FALSE	https://www.youtube.com/watch?v=HtUH9z_Oey8
Pavement_SummerBabe_1992	286	Summer Babe	Pavement	1992	TRUE	TRUE	https://www.youtube.com/watch?v=vidwufHTXSY
EddieCochran_SummertimeBlues_1958	73	Summertime Blues	Eddie Cochran	1958	TRUE	TRUE	https://www.youtube.com/watch?v=BXb0YUJOxqg
Cream_SunshineOfYourLove_1968	65	Sunshine of Your Love	Cream	1968	FALSE	FALSE	https://www.youtube.com/watch?v=oPYot0Wk7UY
StevieWonder_Superstition_1972	74	Superstition	Stevie Wonder	1972	TRUE	TRUE	https://www.youtube.com/watch?v=JOFCpvIlpVk
ElvisPresley_SuspiciousMinds_1969	91	Suspicious Minds	Elvis Presley	1969	FALSE	FALSE	https://www.youtube.com/watch?v=3kgM5qGFd6o
GunsNRoses_SweetChildOMine_1987	196	Sweet Child O' Mine	Guns N' Roses	1987	TRUE	TRUE	https://www.youtube.com/watch?v=1w7OgIMMRc4
TheRollingStones_SympathyForTheDevil_1968	32	Sympathy for the Devil	The Rolling Stones	1968	TRUE	TRUE	https://www.youtube.com/watch?v=Jwtyn-L-2gQ
AlGreen_TakeMeToTheRiver_1974	117	Take Me to the River	Al Green	1974	TRUE	TRUE	https://www.youtube.com/watch?v=9FBUgdhxe9M
BobDylan_TangledUpInBlue_1975	68	Tangled Up in Blue	Bob Dylan	1975	TRUE	TRUE	https://www.youtube.com/watch?v=YwSZvHqf9qM
EricClapton_TearsInHeaven_1992	353	Tears in Heaven	Eric Clapton	1992	TRUE	TRUE	https://www.youtube.com/watch?v=JxPj3GAYYZ0
BuddyHolly_ThatllBeTheDay_1957	39	That'll Be the Day	Buddy Holly	1957	TRUE	FALSE	https://www.youtube.com/watch?v=eq9FCBatl3A
ElvisPresley_ThatsAllRight_1954	112	That's All Right	Elvis Presley	1954	FALSE	FALSE	https://www.youtube.com/watch?v=NmopYuF4BzY
SimonAndGarfunkel_TheBoxer_1969	105	The Boxer	Simon and Garfunkel	1969	FALSE	FALSE	https://www.youtube.com/watch?v=Bb3TyhlhriY
GrandmasterFlashAndTheFuriousFive_TheMessage_1982	51	The Message	Grandmaster Flash & the Furious Five	1982	TRUE	FALSE	https://www.youtube.com/watch?v=PobrSpMwKk4
SimonAndGarfunkel_TheSoundsOfSilence_1965	156	The Sounds of Silence	Simon and Garfunkel	1965	FALSE	FALSE	https://www.youtube.com/watch?v=nwP3vPQi0nI
BobDylan_TheTimesTheyAreAChangin_1964	59	The Times They Are A-Changin'	Bob Dylan	1964	FALSE	FALSE	https://www.youtube.com/watch?v=90WD_ats6eE
TheMiracles_TheTracksOfMyTears_1965	50	The Tracks of My Tears	The Miracles	1965	FALSE	FALSE	https://www.youtube.com/watch?v=Vjw2dSRVCPE
TheBand_TheWeight_1968	41	The Weight	The Band	1968	FALSE	FALSE	https://www.youtube.com/watch?v=eG409WzvTtQ
BruceSpringsteen_ThunderRoad_1975	86	Thunder Road	Bruce Springsteen	1975	TRUE	TRUE	https://www.youtube.com/watch?v=6O3MO2y30fU
LittleRichard_TuttiFrutti_1955	43	Tutti Frutti	Little Richard	1955	TRUE	FALSE	https://www.youtube.com/watch?v=Cj059o9OwqY
TheDrifters_UpOnTheRoof_1962	113	Up On the Roof	The Drifters	1962	FALSE	FALSE	https://www.youtube.com/watch?v=puM1k-S86nE
JimiHendrix_VoodooChild_1968	101	Voodoo Child (Slight Return)	Jimi Hendrix	1968	FALSE	FALSE	https://www.youtube.com/watch?v=IZBlqcbpmxY
DionneWarwick_WalkOnBy_1964	70	Walk On By	Dionne Warwick	1964	FALSE	FALSE	https://www.youtube.com/watch?v=FGgxMO15sE
TheKinks_WaterlooSunset_1967	42	Waterloo Sunset	The Kinks	1967	FALSE	FALSE	https://www.youtube.com/watch?v=N_MqfF0WBsU
RayCharles_WhatdISay_1959	10	What'd I Say	Ray Charles	1959	TRUE	TRUE	https://www.youtube.com/watch?v=EPLZL4sJtI
MarvinGaye_WhatsGoingOn_1971	4	What's Going On	Marvin Gaye	1971	TRUE	TRUE	https://www.youtube.com/watch?v=H-kA3UtBj4M
PercySledge_WhenAManLovesAWoman_1966	54	When a Man Loves a Woman	Percy Sledge	1966	FALSE	FALSE	https://www.youtube.com/watch?v=EYb84BDMbi0
Prince_WhenDovesCry_1984	52	When Doves Cry	Prince and the Revolution	1984	TRUE	TRUE	https://www.youtube.com/watch?v=UG3VcCAlUgE
TheBeatles_WhileMyGuitarGentlyWeeps_1968	135	While My Guitar Gently Weeps	The Beatles	1968	FALSE	FALSE	https://www.youtube.com/watch?v=YEMEAxlYL04
BoDiddley_WhoDoYouLove_1957	132	Who Do You Love	Bo Diddley	1957	FALSE	FALSE	https://www.youtube.com/watch?v=8w9Eii9ZFsQ
LedZeppelin_WholeLottaLove_1969	75	Whole Lotta Love	Led Zeppelin	1969	FALSE	FALSE	https://www.youtube.com/watch?v=HQmmMQwG4k
JerryLeeLewis_WholeLottaShakinGoinOn_1957	61	Whole Lotta Shakin' Goin On	Jerry Lee Lewis	1957	TRUE	FALSE	https://www.youtube.com/watch?v=Fw7SBF-35Es
TheShirelles_WillYouLoveMeTomorrow_1960	125	Will You Love Me Tomorrow	The Shirelles	1960	FALSE	FALSE	https://www.youtube.com/watch?v=4955hA_hcB4
U2_WithOrWithoutYou_1987	131	With or Without You	U2	1987	TRUE	TRUE	https://www.youtube.com/watch?v=WZKnQRkWzLI
TheWho_WontGetFooledAgain_1971	133	Won't Get Fooled Again	The Who	1971	FALSE	FALSE	https://www.youtube.com/watch?v=SHhrZgojY1Q
TheBeatles_Yesterday_1965	13	Yesterday	The Beatles	1965	TRUE	TRUE	https://www.youtube.com/watch?v=wXTJBr9tt8Q
TheRollingStones_YouCantAlwaysGetWhatYouWant_1969	100	You Can't Always Get What You Want	The Rolling Stones	1969	FALSE	FALSE	https://www.youtube.com/watch?v=Ef9QnZVpVd8
TheKinks_YouReallyGotMe_1964	82	You Really Got Me	The Kinks	1964	FALSE	FALSE	https://www.youtube.com/watch?v=fTTsY-oz6Go
SamCooke_YouSendMe_1957	115	You Send Me	Sam Cooke	1957	FALSE	FALSE	https://www.youtube.com/watch?v=mrwfB4aAZZc
TheRighteousBrothers_YouveLostThatLovinFeelin_1964	34	You've Lost That Lovin' Feelin'	The Righteous Brothers	1964	FALSE	FALSE	https://www.youtube.com/watch?v=uOnYY9Mw2Fg
EltonJohn_YourSong_1970	136	Your Song	Elton John	1970	FALSE	FALSE	https://www.youtube.com/watch?v=mXuUtEDp_Mo
